{
  "metadata": {
    "experiment_id": "experiment_043_20260427-154703",
    "status": "completed",
    "notes": " "
  },
  "records": [
    {
      "config": {
        "filtering_params": {
          "data_map_path": "data_maps/CASIA_FASD_V3_50percent_uniformSampling.json",
          "keep_ratio": 0.5,
          "filter_function": "uniform_sampling"
        },
        "data_params": {
          "dataset_path": "/kaggle/input/datasets/maameri/visual-computing-thesis-data/DATA",
          "input_size": [
            224,
            224,
            3
          ],
          "pixel_range": [
            0,
            1
          ],
          "batch_size": 16,
          "validation_subjects_number": 0,
          "get_random_subjects_for_validation": 1,
          "validation_dataset_baleance": 0
        },
        "augmentation_params": {
          "rotation_range": 0.15,
          "horizontal_flip": 1,
          "brightness_range": [
            0.7,
            1.3
          ],
          "zoom_range": 0.15
        },
        "model_params": {
          "model_init_function": "build_resnet50v2_hsv_v4",
          "architecture": "resNet50V2_FASD_HSV_V4",
          "parameters_count": 1434113,
          "note": null,
          "label_smoothing": 0.1
        },
        "training_params": {
          "early_stopping_patience": 30,
          "learning_rate": 0.0001,
          "initial_epochs": 60,
          "ReduceLROnPlateau_patience": 3,
          "ReduceLROnPlateau_factor": 0.1
        }
      },
      "logs": {
        "best_model_name": "experiment_043_20260427-154703_0_model_resNet50V2_FASD_HSV_V4.keras",
        "training_history": {
          "accuracy": [
            0.9538046717643738,
            0.9987981915473938,
            0.9995896220207214,
            0.9997948408126831,
            0.9997068643569946,
            0.999941349029541,
            0.9997068643569946,
            0.9998241066932678,
            0.9997655153274536,
            0.9997948408126831,
            0.9998241066932678,
            1,
            0.9999120831489563,
            0.9998827576637268,
            0.9999706745147705,
            0.9998534321784973,
            1,
            0.9997948408126831,
            0.999941349029541,
            0.9999120831489563,
            0.9999706745147705,
            1,
            1,
            1,
            1,
            1,
            1,
            1,
            1,
            1,
            1,
            1,
            1,
            1,
            1,
            1,
            1,
            1,
            1,
            1,
            1,
            1,
            1,
            1,
            1,
            1,
            1,
            1,
            1,
            1,
            1,
            1,
            1,
            1,
            1,
            1,
            1,
            1,
            1,
            1
          ],
          "eer": [
            0,
            0,
            0,
            0,
            0,
            0,
            0,
            0,
            0,
            0,
            0,
            0,
            0,
            0,
            0,
            0,
            0,
            0,
            0,
            0,
            0,
            0,
            0,
            0,
            0,
            0,
            0,
            0,
            0,
            0,
            0,
            0,
            0,
            0,
            0,
            0,
            0,
            0,
            0,
            0,
            0,
            0,
            0,
            0,
            0,
            0,
            0,
            0,
            0,
            0,
            0,
            0,
            0,
            0,
            0,
            0,
            0,
            0,
            0,
            0
          ],
          "loss": [
            0.293934166431427,
            0.21722449362277985,
            0.21161553263664246,
            0.20821163058280945,
            0.20662516355514526,
            0.20512057840824127,
            0.2046566605567932,
            0.203761488199234,
            0.20339848101139069,
            0.20344962179660797,
            0.2027585208415985,
            0.20235596597194672,
            0.2025240659713745,
            0.20237651467323303,
            0.20200780034065247,
            0.2023298144340515,
            0.20182445645332336,
            0.20224903523921967,
            0.20179630815982819,
            0.20200292766094208,
            0.20132501423358917,
            0.20125584304332733,
            0.20118246972560883,
            0.20119212567806244,
            0.20124489068984985,
            0.20117966830730438,
            0.20118023455142975,
            0.20114339888095856,
            0.20113982260227203,
            0.20114992558956146,
            0.2011023759841919,
            0.20110349357128143,
            0.20116370916366577,
            0.20114172995090485,
            0.20114222168922424,
            0.20113928616046906,
            0.20114052295684814,
            0.20112794637680054,
            0.20117226243019104,
            0.20108531415462494,
            0.20109513401985168,
            0.2011057436466217,
            0.20115794241428375,
            0.20113873481750488,
            0.20120827853679657,
            0.20116589963436127,
            0.2011174112558365,
            0.2011081427335739,
            0.20111416280269623,
            0.20119154453277588,
            0.20110513269901276,
            0.20111772418022156,
            0.20114350318908691,
            0.2011515349149704,
            0.20112797617912292,
            0.20114174485206604,
            0.20115213096141815,
            0.20114801824092865,
            0.2010941356420517,
            0.2011062204837799
          ],