{
  "metadata": {
    "experiment_id": "experiment_051_20260429-234848",
    "status": "completed",
    "notes": " vision transdormer part 2 with 0.0001 inint LR ,label smooth vs no LS "
  },
  "records": [
    {
      "config": {
        "filtering_params": {
          "data_map_path": "data_maps/CASIA_FASD_V3_50percent_uniformSampling.json",
          "keep_ratio": 0.5,
          "filter_function": "uniform_sampling"
        },
        "data_params": {
          "dataset_path": "/kaggle/input/datasets/maameri/visual-computing-thesis-data/DATA",
          "input_size": [
            224,
            224,
            3
          ],
          "pixel_range": [
            0,
            1
          ],
          "batch_size": 16,
          "validation_subjects_number": 0,
          "get_random_subjects_for_validation": 1,
          "validation_dataset_baleance": 0
        },
        "augmentation_params": {
          "rotation_range": 0.15,
          "horizontal_flip": 1,
          "brightness_range": [
            0.7,
            1.3
          ],
          "zoom_range": 0.15
        },
        "model_params": {
          "model_init_function": "build_ultimate_fasd_v6",
          "architecture": "FASD_Zero_EER_Candidate",
          "parameters_count": 5418241,
          "note": null
        },
        "training_params": {
          "early_stopping_patience": 15,
          "learning_rate": 0.0001,
          "initial_epochs": 100,
          "ReduceLROnPlateau_patience": 5,
          "ReduceLROnPlateau_factor": 0.1
        }
      },
      "logs": {
        "best_model_name": "experiment_051_20260429-234848_0_model_FASD_Zero_EER_Candidate.keras",
        "training_history": {
          "accuracy": [
            0.939910888671875,
            0.9880993962287903,
            0.9914702773094177,
            0.9938738346099854,
            0.9949876666069031,
            0.9960429072380066,
            0.9968929290771484,
            0.9974792003631592,
            0.9973326325416565,
            0.9978016018867493,
            0.9972447156906128,
            0.9983585476875305,
            0.9978895783424377,
            0.99838787317276,
            0.9986223578453064,
            0.9985930323600769,
            0.998329222202301,
            0.9988861680030823,
            0.9993258118629456,
            0.9987981915473938,
            0.9988861680030823,
            0.9985930323600769,
            0.9986223578453064,
            0.9987689256668091,
            0.9994430541992188,
            0.9998534321784973,
            0.9997361898422241,
            0.9998827576637268,
            0.9997948408126831,
            0.9998827576637268,
            0.9998241066932678,
            0.9997948408126831,
            1,
            0.9998827576637268,
            0.9998241066932678,
            0.9998534321784973,
            0.9998241066932678,
            0.9999120831489563,
            0.9999120831489563,
            0.9998241066932678,
            0.9999120831489563,
            0.9999120831489563,
            0.9998534321784973,
            0.9998241066932678,
            0.999941349029541,
            0.9999120831489563,
            0.999941349029541,
            0.999941349029541
          ],
          "eer": [
            0,
            0,
            0,
            0,
            0,
            0,
            0,
            0,
            0,
            0,
            0,
            0,
            0,
            0,
            0,
            0,
            0,
            0,
            0,
            0,
            0,
            0,
            0,
            0,
            0,
            0,
            0,
            0,
            0,
            0,
            0,
            0,
            0,
            0,
            0,
            0,
            0,
            0,
            0,
            0,
            0,
            0,
            0,
            0,
            0,
            0,
            0,
            0
          ],
          "loss": [
            0.14518927037715912,
            0.0338427908718586,
            0.02467404492199421,
            0.018054187297821045,
            0.014270407147705555,
            0.011598211713135242,
            0.010034048929810524,
            0.007599913515150547,
            0.007939259521663189,
            0.006852525286376476,
            0.008214538916945457,
            0.005894875153899193,
            0.005718670319765806,
            0.005056307651102543,
            0.004756453447043896,
            0.004067314323037863,
            0.005184195004403591,
            0.00419425405561924,
            0.002325849374756217,
            0.004091191571205854,
            0.0033167358487844467,
            0.004378779791295528,
            0.004150179214775562,
            0.004771636798977852,
            0.0019736960530281067,
            0.0006367966998368502,
            0.0009470585500821471,
            0.0005782658117823303,
            0.0007419383036904037,
            0.0005169396754354239,
            0.0004268471384420991,
            0.0006838740664534271,
            0.00019607561989687383,
            0.000527814612723887,
            0.00068743183510378,
            0.0005719896871596575,
            0.0004126249987166375,
            0.0004648258036468178,
            0.0002786038094200194,
            0.000426328246248886,
            0.00020571149070747197,
            0.0002702451020013541,
            0.0003681598464027047,
            0.0005713143036700785,
            0.00022307086328510195,
            0.0003538040618877858,
            0.00024006571038626134,
            0.00022094168525654823
          ],
          "learning_rate": [
            0.00009999999747378752,
            0.00009999999747378752,
            0.00009999999747378752,
            0.00009999999747378752,
            0.00009999999747378752,
            0.00009999999747378752,
            0.00009999999747378752,
            0.00009999999747378752,
            0.00009999999747378752,
            0.00009999999747378752,
            0.00009999999747378752,
            0.00009999999747378752,
            0.00009999999747378752,
            0.00009999999747378752,
            0.00009999999747378752,
            0.00009999999747378752,
            0.00009999999747378752,
            0.00009999999747378752,
            0.00009999999747378752,
            0.00009999999747378752,
            0.00009999999747378752,
            0.00009999999747378752,
            0.00009999999747378752,
            0.00009999999747378752,
            0.000009999999747378752,
            0.000009999999747378752,
            0.000009999999747378752,
            0.000009999999747378752,
            0.000009999999747378752,
            0.000009999999747378752,
            0.000009999999747378752,
            0.000009999999747378752,
            0.000009999999747378752,
            0.000009999999747378752,
            0.000009999999747378752,
            0.000009999999747378752,
            0.000009999999747378752,
            0.000009999999747378752,
            9.999999974752427e-7,
            9.999999974752427e-7,
            9.999999974752427e-7,
            9.999999974752427e-7,
            9.999999974752427e-7,
            1.0000000116860974e-7,
            1.0000000116860974e-7,
            1.0000000116860974e-7,
            1.0000000116860974e-7,
            1.0000000116860974e-7
          ]
        },
        "epochs": 48,
        "final_test_metrics": {
          "loss": 0.05497454106807709,
          "accuracy": 0.9863914251327515,
          "eer": 0.01931184004535369
        }
      }
    },
    {
      "config": {
        "filtering_params": {
          "data_map_path": "data_maps/CASIA_FASD_V3_50percent_uniformSampling.json",
          "keep_ratio": 0.5,
          "filter_function": "uniform_sampling"
        },