{
  "metadata": {
    "experiment_id": "experiment_021_20260420-231831",
    "status": "completed",
    "notes": " "
  },
  "records": [
    {
      "config": {
        "filtering_params": {
          "data_map_path": "data_maps/CASIA_FASD_V3_10percent_uniformSampling.json",
          "keep_ratio": 0.1,
          "filter_function": "uniform_sampling"
        },
        "data_params": {
          "dataset_path": "/kaggle/input/datasets/maameri/visual-computing-thesis-data/DATA",
          "input_size": [
            224,
            224,
            3
          ],
          "pixel_range": [
            0,
            1
          ],
          "batch_size": 32,
          "validation_subjects_number": 4,
          "get_random_subjects_for_validation": 1,
          "validation_dataset_baleance": 1
        },
        "augmentation_params": {
          "rotation_range": 0.15,
          "horizontal_flip": 1,
          "brightness_range": [
            0.7,
            1.3
          ],
          "zoom_range": 0.15
        },
        "model_params": {
          "model_init_function": "build_resnet50v2_hsv_rgb",
          "architecture": "resNet50V2_FASD_HSV_RGB",
          "parameters_count": 23576257,
          "note": null
        },
        "training_params": {
          "early_stopping_patience": 8,
          "learning_rate": 0.00001,
          "initial_epochs": 40,
          "ReduceLROnPlateau_patience": 3,
          "ReduceLROnPlateau_factor": 0.1
        }
      },
      "logs": {
        "best_model_name": "experiment_021_20260420-231831_0_model_resNet50V2_FASD_HSV_RGB.keras",
        "training_history": {
          "accuracy": [
            0.7620226144790649,
            0.9260962009429932,
            0.961456835269928,
            0.9787836074829102,
            0.9814356565475464,
            0.9842644929885864,
            0.9888613820075989,
            0.9862093329429626,
            0.9883309602737427,
            0.9899222254753113,
            0.9931046962738037,
            0.9916902184486389,
            0.9952263236045837,
            0.9950494766235352,
            0.9952263236045837,
            0.9959335327148438,
            0.9955798983573914,
            0.9969943165779114
          ],
          "eer": [
            0,
            0,
            0,
            0,
            0,
            0,
            0,
            0,
            0,
            0,
            0,
            0,
            0,
            0,
            0,
            0,
            0,
            0
          ],
          "loss": [
            0.4836229085922241,
            0.18824797868728638,
            0.10142721235752106,
            0.06543246656656265,
            0.05545615777373314,
            0.04407342150807381,
            0.03414199873805046,
            0.03976975381374359,
            0.031960681080818176,
            0.025672083720564842,
            0.02046990394592285,
            0.021699752658605576,
            0.013512696139514446,
            0.013219873420894146,
            0.013527687638998032,
            0.010863136500120163,
            0.011781882494688034,
            0.010169043205678463
          ],
          "val_eer": [
            0.36337209302412915,
            0.3445121951229086,
            0.17777777777777484,
            0.13615023474178384,
            0.18153364632213834,
            0.17371601208353105,
            0.11726384364820852,
            0.2035661218431053,
            0.16480000000120812,
            0.10046367851640021,
            0.16293929712460054,
            0.18968133535832224,
            0.18573551263001487,
            0.16363636363623724,
            0.14102564102590756,
            0.14117647058827035,
            0.14285714285717815,
            0.14307931570761964
          ],
          "val_loss": [
            2.0447654724121094,
            1.7270760536193848,
            0.665429413318634,
            0.4722784459590912,
            0.6394176483154297,
            0.4357265830039978,
            0.3012274503707886,
            0.8329890966415405,
            0.4470013976097107,
            0.21348066627979279,
            0.4947251081466675,
            0.6526490449905396,
            0.5889816284179688,
            0.5013824701309204,
            0.39193394780158997,
            0.3901752829551697,
            0.3895842730998993,
            0.3749653100967407
          ],
          "val_accuracy": [
            0.4707692265510559,
            0.7115384340286255,
            0.8176922798156738,
            0.8161538243293762,
            0.7084615230560303,
            0.8546153903007507,
            0.8799999952316284,
            0.8392307758331299,
            0.8323076963424683,
            0.8999999761581421,
            0.8507692217826843,
            0.7792307734489441,
            0.8592307567596436,
            0.7907692193984985,
            0.8346154093742371,
            0.8338461518287659,
            0.8346154093742371,
            0.8438461422920227
          ],
          "learning_rate": [
            0.000009999999747378752,
            0.000009999999747378752,
            0.000009999999747378752,
            0.000009999999747378752,
            0.000009999999747378752,
            0.000009999999747378752,
            0.000009999999747378752,
            0.000009999999747378752,
            0.000009999999747378752,
            0.000009999999747378752,
            0.000009999999747378752,
            0.000009999999747378752,
            0.000009999999747378752,
            9.999999974752427e-7,
            9.999999974752427e-7,
            9.999999974752427e-7,
            1.0000000116860974e-7,
            1.0000000116860974e-7
          ]
        },
        "epochs": 18,
        "final_test_metrics": {
          "loss": 0.23922714591026306,
          "accuracy": 0.9321907758712769,
          "eer": 0.06900800985828714
        }
      }
    }
  ]
}