{
  "metadata": {
    "experiment_id": "experiment_019_20260420-184045",
    "status": "completed",
    "notes": " "
  },
  "records": [
    {
      "config": {
        "filtering_params": {
          "data_map_path": "data_maps/CASIA_FASD_V3_50percent_uniformSampling.json",
          "keep_ratio": 0.5,
          "filter_function": "uniform_sampling"
        },
        "data_params": {
          "dataset_path": "/kaggle/input/datasets/maameri/visual-computing-thesis-data/DATA",
          "input_size": [
            224,
            224,
            3
          ],
          "pixel_range": [
            0,
            1
          ],
          "batch_size": 32,
          "validation_subjects_number": 5,
          "get_random_subjects_for_validation": 1,
          "validation_dataset_baleance": 1
        },
        "augmentation_params": {
          "rotation_range": 0.15,
          "horizontal_flip": 1,
          "brightness_range": [
            0.7,
            1.3
          ],
          "zoom_range": 0.15
        },
        "model_params": {
          "model_init_function": "build_improved_resnet50v2_multichannel",
          "architecture": "functional",
          "parameters_count": 26208129,
          "note": null
        },
        "training_params": {
          "early_stopping_patience": 8,
          "learning_rate": 0.00001,
          "initial_epochs": 40,
          "ReduceLROnPlateau_patience": 4,
          "ReduceLROnPlateau_factor": 0.1
        }
      },
      "logs": {
        "best_model_name": "experiment_019_20260420-184045_0_model_functional.keras",
        "training_history": {
          "accuracy": [
            0.8009701371192932,
            0.9015522003173828,
            0.9440046548843384,
            0.9654248952865601,
            0.9792006015777588,
            0.9840124249458313,
            0.9892510771751404,
            0.9898331165313721,
            0.9920838475227356,
            0.9924330711364746,
            0.992549479007721,
            0.9934808015823364,
            0.9955374598503113,
            0.9959642887115479,
            0.9959254860877991,
            0.9978269338607788,
            0.9979433417320251,
            0.9985254406929016,
            0.9989134669303894
          ],
          "eer": [
            0,
            0,
            0,
            0,
            0,
            0,
            0,
            0,
            0,
            0,
            0,
            0,
            0,
            0,
            0,
            0,
            0,
            0,
            0
          ],
          "loss": [
            8.691767692565918,
            6.8531084060668945,
            5.567015171051025,
            4.586527347564697,
            3.781479835510254,
            3.106204032897949,
            2.5310401916503906,
            2.047733783721924,
            1.6408594846725464,
            1.312234878540039,
            1.052963137626648,
            0.8516576290130615,
            0.6834176778793335,
            0.5506467819213867,
            0.4444037973880768,
            0.38870465755462646,
            0.3782177269458771,
            0.36625781655311584,
            0.3519483506679535
          ],
          "val_eer": [
            0.1219985447489694,
            0.07765151515050323,
            0.05284360189573458,
            0.03986551392753514,
            0.06101118133249481,
            0.12717313646088121,
            0.0318592486923442,
            0.08077388149939527,
            0.08347325497575987,
            0.050122249389740296,
            0.022765802857834833,
            0.08543780977213469,
            0.06641544983423335,
            0.03141875306824833,
            0.04257849667080625,
            0.03308559098664532,
            0.028142141665818576,
            0.025829383886519477,
            0.031204290589977278
          ],
          "val_loss": [
            0.2765321135520935,
            0.1876821219921112,
            0.18000257015228271,
            0.2081005722284317,
            0.3499174416065216,
            0.35922014713287354,
            0.157819464802742,
            0.24992020428180695,
            0.3381342887878418,
            2.4635353088378906,
            0.31244927644729614,
            0.4817597270011902,
            0.30137404799461365,
            0.10738448053598404,
            0.30506739020347595,
            0.24094344675540924,
            0.29692476987838745,
            0.21044471859931946,
            0.2617034316062927
          ],
          "val_accuracy": [
            0.8640066981315613,
            0.9172058701515198,
            0.9255930781364441,
            0.8931224346160889,
            0.8578959703445435,
            0.8815001249313354,
            0.9362568855285645,
            0.9196022152900696,
            0.8967170119285583,
            0.5854301452636719,
            0.8755092024803162,
            0.8822190165519714,
            0.9023484587669373,
            0.9533908367156982,
            0.8945602774620056,
            0.9033069610595703,
            0.8962377309799194,
            0.9154085516929626,
            0.9040258526802063
          ],
          "learning_rate": [
            0.000009999999747378752,
            0.000009999999747378752,
            0.000009999999747378752,
            0.000009999999747378752,
            0.000009999999747378752,
            0.000009999999747378752,
            0.000009999999747378752,
            0.000009999999747378752,
            0.000009999999747378752,
            0.000009999999747378752,
            0.000009999999747378752,
            0.000009999999747378752,
            0.000009999999747378752,
            0.000009999999747378752,
            0.000009999999747378752,
            9.999999974752427e-7,
            9.999999974752427e-7,
            9.999999974752427e-7,
            9.999999974752427e-7
          ]
        },
        "epochs": 19,
        "final_test_metrics": {
          "loss": 0.2182384878396988,
          "accuracy": 0.9548817276954651,
          "eer": 0.06309823677541927
        }
      }
    }
  ]
}