{
  "metadata": {
    "experiment_id": "experiment_025_20260421-094403",
    "status": "completed",
    "notes": " "
  },
  "records": [
    {
      "config": {
        "filtering_params": {
          "data_map_path": "data_maps/CASIA_FASD_V3_50percent_uniformSampling.json",
          "keep_ratio": 0.5,
          "filter_function": "uniform_sampling"
        },
        "data_params": {
          "dataset_path": "/kaggle/input/datasets/maameri/visual-computing-thesis-data/DATA",
          "input_size": [
            448,
            448,
            3
          ],
          "pixel_range": [
            0,
            1
          ],
          "batch_size": 32,
          "validation_subjects_number": 4,
          "get_random_subjects_for_validation": 1,
          "validation_dataset_baleance": 1
        },
        "augmentation_params": {
          "rotation_range": 0.15,
          "horizontal_flip": 1,
          "brightness_range": [
            0.7,
            1.3
          ],
          "zoom_range": 0.15
        },
        "model_params": {
          "model_init_function": "build_resnet50v2_hsv_rgb",
          "architecture": "resNet50V2_FASD_HSV_RGB",
          "parameters_count": 23576257,
          "note": null
        },
        "training_params": {
          "early_stopping_patience": 10,
          "learning_rate": 0.0001,
          "initial_epochs": 50,
          "ReduceLROnPlateau_patience": 3,
          "ReduceLROnPlateau_factor": 0.05
        }
      },
      "logs": {
        "best_model_name": "experiment_025_20260421-094403_0_model_resNet50V2_FASD_HSV_RGB.keras",
        "training_history": {
          "accuracy": [
            0.9708588123321533,
            0.9926410913467407,
            0.995437502861023,
            0.9962469935417175,
            0.9959526062011719,
            0.9973875880241394,
            0.9995952844619751,
            0.999779224395752,
            0.9998160004615784,
            1,
            0.9999263882637024,
            0.999889612197876,
            0.9999263882637024,
            0.9998528361320496
          ],
          "eer": [
            0,
            0,
            0,
            0,
            0,
            0,
            0,
            0,
            0,
            0,
            0,
            0,
            0,
            0
          ],
          "loss": [
            0.07514244318008423,
            0.021044358611106873,
            0.012868666090071201,
            0.010865716263651848,
            0.012585589662194252,
            0.007082262076437473,
            0.0016418821178376675,
            0.0006776836817152798,
            0.0007283850573003292,
            0.00020009634317830205,
            0.0002826071286108345,
            0.00036582149914465845,
            0.00043355923844501376,
            0.00042806428973563015
          ],
          "val_eer": [
            0.008902929351685608,
            0.00029205607616522675,
            0.03089478286235966,
            0,
            0.04038073262304767,
            0.013757523645743978,
            0.0026285046723748054,
            0.010065127293731584,
            0.001729605073498904,
            0.0020814748740411496,
            0.0017341040469883101,
            0.0014455044806463261,
            0.0017538731372802995,
            0.0014903129661352587
          ],
          "val_loss": [
            0.11150721460580826,
            0.0477091521024704,
            0.2806708812713623,
            0.13191881775856018,
            0.19574755430221558,
            0.40256091952323914,
            0.011488760821521282,
            0.4440857768058777,
            0.25810569524765015,
            0.29009270668029785,
            0.2679500877857208,
            0.24988959729671478,
            0.2620754539966583,
            0.2736847698688507
          ],
          "val_accuracy": [
            0.9459498524665833,
            0.9775151610374451,
            0.9223119020462036,
            0.9554626941680908,
            0.9434995651245117,
            0.9295185804367065,
            0.9952436089515686,
            0.9164023995399475,
            0.9351398348808289,
            0.9241856336593628,
            0.9329777956008911,
            0.9355722069740295,
            0.9328336715698242,
            0.9262034893035889
          ],
          "learning_rate": [
            0.00009999999747378752,
            0.00009999999747378752,
            0.00009999999747378752,
            0.00009999999747378752,
            0.00009999999747378752,
            0.00009999999747378752,
            0.00009999999747378752,
            0.000004999999873689376,
            0.000004999999873689376,
            0.000004999999873689376,
            2.499999993688107e-7,
            2.499999993688107e-7,
            2.499999993688107e-7,
            1.2500000146076218e-8
          ]
        },
        "epochs": 14,
        "final_test_metrics": {
          "loss": 0.6042242050170898,
          "accuracy": 0.9501628875732422,
          "eer": 0.07115869017610237
        }
      }
    },
    {
      "config": {
        "filtering_params": {
          "data_map_path": "data_maps/CASIA_FASD_V3_50percent_uniformSampling.json",
          "keep_ratio": 0.5,
          "filter_function": "uniform_sampling"
        },
        "data_params": {
          "dataset_path": "/kaggle/input/datasets/maameri/visual-computing-thesis-data/DATA",
          "input_size": [
            448,
            448,
            3
          ],
          "pixel_range": [
            0,
            1
          ],
          "batch_size": 16,
          "validation_subjects_number": 4,
          "get_random_subjects_for_validation": 1,
          "validation_dataset_baleance": 1
        },
        "augmentation_params": {
          "rotation_range": 0.15,
          "horizontal_flip": 1,
          "brightness_range": [
            0.7,
            1.3
          ],
          "zoom_range": 0.15
        },
        "model_params": {
          "model_init_function": "build_resnet50v2_hsv_rgb",
          "architecture": "resNet50V2_FASD_HSV_RGB",
          "parameters_count": 23576257,
          "note": null
        },
        "training_params": {
          "early_stopping_patience": 10,
          "learning_rate": 0.0001,
          "initial_epochs": 50,
          "ReduceLROnPlateau_patience": 3,
          "ReduceLROnPlateau_factor": 0.05
        }
      },
      "logs": {
        "best_model_name": "experiment_025_20260421-094403_1_model_resNet50V2_FASD_HSV_RGB.keras",
        "training_history": {
          "accuracy": [
            0.9622856974601746,
            0.9914268851280212,
            0.9939289093017578,
            0.9958054423332214,
            0.9949591755867004,
            0.9969828724861145,
            0.9983810186386108,
            0.9971668124198914,
            0.9982706308364868,
            0.9993376731872559,
            0.999779224395752,
            0.999779224395752,
            0.9998528361320496,
            0.999779224395752,
            0.999779224395752,
            0.999889612197876
          ],
          "eer": [
            0,
            0,
            0,
            0,
            0,
            0,
            0,
            0,
            0,
            0,
            0,
            0,
            0,
            0,
            0,
            0
          ],
          "loss": [
            0.09750549495220184,
            0.027424830943346024,
            0.019962767139077187,
            0.012727643363177776,
            0.017300067469477654,
            0.010377191938459873,
            0.005699580535292625,
            0.008128291927278042,
            0.007156449370086193,
            0.002464518416672945,
            0.0009651927393861115,
            0.0009281515376642346,
            0.0005829274887219071,
            0.0009275961783714592,
            0.0007433506543748081,
            0.0008230584789998829
          ],