{
  "metadata": {
    "experiment_id": "experiment_014_20260419-045403",
    "status": "completed",
    "notes": " mc_resnet_rgb_hsv long trainging"
  },
  "records": [
    {
      "config": {
        "filtering_params": {
          "data_map_path": "data_maps/CASIA_FASD_V3_50percent_uniformSampling.json",
          "keep_ratio": 0.5,
          "filter_function": "uniform_sampling"
        },
        "data_params": {
          "dataset_path": "/kaggle/input/datasets/maameri/visual-computing-thesis-data/DATA",
          "input_size": [
            224,
            224,
            3
          ],
          "pixel_range": [
            0,
            1
          ],
          "batch_size": 32,
          "validation_subjects_number": 5,
          "get_random_subjects_for_validation": 1,
          "validation_dataset_baleance": 1
        },
        "augmentation_params": {
          "rotation_range": 0.15,
          "horizontal_flip": 1,
          "brightness_range": [
            0.7,
            1.3
          ],
          "zoom_range": 0.15
        },
        "model_params": {
          "model_init_function": "mc_resnet_rgb_hsv",
          "architecture": "MC-ResNet-RGB-HSV",
          "parameters_count": 392504,
          "note": null
        },
        "training_params": {
          "early_stopping_patience": 8,
          "learning_rate": 0.00001,
          "initial_epochs": 80,
          "ReduceLROnPlateau_patience": 3,
          "ReduceLROnPlateau_factor": 0.1
        }
      },
      "logs": {
        "best_model_name": "experiment_014_20260419-045403_0_model_MC-ResNet-RGB-HSV.keras",
        "training_history": {
          "accuracy": [
            0.6567012667655945,
            0.8979392647743225,
            0.9599172472953796,
            0.9818124771118164,
            0.9895012378692627,
            0.989891529083252,
            0.9902817606925964,
            0.9917649030685425,
            0.9915697574615479,
            0.9914916753768921,
            0.9923893809318542,
            0.9923893809318542,
            0.9922332167625427,
            0.9914916753768921
          ],
          "eer": [
            0,
            0,
            0,
            0,
            0,
            0,
            0,
            0,
            0,
            0,
            0,
            0,
            0,
            0
          ],
          "loss": [
            3.159653663635254,
            2.4591410160064697,
            2.0950586795806885,
            1.8196357488632202,
            1.6814113855361938,
            1.6558055877685547,
            1.6290510892868042,
            1.5998367071151733,
            1.5728238821029663,
            1.5583090782165527,
            1.5539772510528564,
            1.550970196723938,
            1.5513999462127686,
            1.5508466958999634
          ],
          "val_eer": [
            0.032127558304599985,
            0.050775740479548644,
            0.04455445544553293,
            0.040046565774553775,
            0.030776404756353435,
            0.0305909617612978,
            0.032220406257401,
            0.03303093742779993,
            0.039418113561383694,
            0.03649809160306421,
            0.03662831650622231,
            0.03614457831326492,
            0.03609195402271739,
            0.036178765665167555
          ],
          "val_loss": [
            0.3182377517223358,
            0.15260370075702667,
            0.13156075775623322,
            0.17797861993312836,
            0.12210194766521454,
            0.11892391741275787,
            0.1350715607404709,
            0.1602674275636673,
            0.1738208383321762,
            0.1547776460647583,
            0.1600748896598816,
            0.15355230867862701,
            0.15530270338058472,
            0.15442371368408203
          ],
          "val_accuracy": [
            0.9170002341270447,
            0.9261831641197205,
            0.9326583743095398,
            0.9178243279457092,
            0.9414880871772766,
            0.9431363344192505,
            0.935012936592102,
            0.9271250367164612,
            0.9237108826637268,
            0.9313633441925049,
            0.9303037524223328,
            0.9313633441925049,
            0.9310101270675659,
            0.9313633441925049
          ],
          "learning_rate": [
            0.000009999999747378752,
            0.000009999999747378752,
            0.000009999999747378752,
            0.000009999999747378752,
            9.999999974752427e-7,
            9.999999974752427e-7,
            9.999999974752427e-7,
            9.999999974752427e-7,
            9.999999974752427e-7,
            1.0000000116860974e-7,
            1.0000000116860974e-7,
            1.0000000116860974e-7,
            9.99999993922529e-9,
            9.99999993922529e-9
          ]
        },
        "epochs": 14,
        "final_test_metrics": {
          "loss": 0.15017005801200867,
          "accuracy": 0.9472097754478455,
          "eer": 0.057935520134019126
        }
      }
    }
  ]
}