{
  "metadata": {
    "experiment_id": "experiment_054_20260430-123126",
    "status": "completed",
    "notes": " with class balence vs without"
  },
  "records": [
    {
      "config": {
        "filtering_params": {
          "data_map_path": "data_maps/CASIA_FASD_V3_50percent_uniformSampling.json",
          "keep_ratio": 0.5,
          "filter_function": "uniform_sampling"
        },
        "data_params": {
          "dataset_path": "/kaggle/input/datasets/maameri/visual-computing-thesis-data/DATA",
          "input_size": [
            224,
            224,
            3
          ],
          "pixel_range": [
            0,
            1
          ],
          "batch_size": 16,
          "validation_subjects_number": 0,
          "get_random_subjects_for_validation": 1,
          "validation_dataset_baleance": 0
        },
        "augmentation_params": {
          "rotation_range": 0.15,
          "horizontal_flip": 1,
          "brightness_range": [
            0.7,
            1.3
          ],
          "zoom_range": 0.15
        },
        "model_params": {
          "model_init_function": "build_ultimate_fasd_v6",
          "architecture": "FASD_Zero_EER_Candidate",
          "parameters_count": 5418241,
          "note": null,
          "label_smoothing": 0,
          "isFocalLoss": 1,
          "focal_alpha": 0.25,
          "focal_gamma": 2,
          "apply_class_balancing": 0
        },
        "training_params": {
          "early_stopping_patience": 10,
          "learning_rate": 0.0001,
          "initial_epochs": 80,
          "ReduceLROnPlateau_patience": 4,
          "ReduceLROnPlateau_factor": 0.1,
          "isAdamW": 1
        }
      },
      "logs": {
        "best_model_name": "experiment_054_20260430-123126_0_model_FASD_Zero_EER_Candidate.keras",
        "training_history": {
          "accuracy": [
            0.9089869856834412,
            0.9768437147140503,
            0.9828233122825623,
            0.9896529316902161,
            0.9914702773094177,
            0.9926427602767944,
            0.9942842125892639,
            0.9949290752410889,
            0.9963067173957825,
            0.9966291189193726,
            0.9972739815711975,
            0.9969515800476074,
            0.9973912239074707,
            0.9977723360061646,
            0.9971860647201538,
            0.9988861680030823,
            0.9978895783424377,
            0.9980654120445251,
            0.9985637068748474,
            0.9987689256668091,
            0.9991792440414429,
            0.9996775984764099,
            0.9995896220207214,
            0.9996775984764099,
            0.9995896220207214,
            0.9996482729911804,
            0.9997655153274536,
            0.9997655153274536,
            0.9997361898422241,
            0.9997655153274536,
            0.9998827576637268,
            0.9998827576637268,
            0.9997068643569946,
            0.9997948408126831,
            0.9996775984764099,
            0.9998827576637268,
            0.9997655153274536,
            0.9998534321784973,
            0.9997655153274536,
            0.9997361898422241,
            0.9998827576637268,
            0.9998241066932678,
            0.9999120831489563,
            0.9997948408126831,
            0.9997068643569946,
            0.9997068643569946,
            0.9997068643569946,
            0.9998241066932678
          ],
          "eer": [
            0,
            0,
            0,
            0,
            0,
            0,
            0,
            0,
            0,
            0,
            0,
            0,
            0,
            0,
            0,
            0,
            0,
            0,
            0,
            0,
            0,
            0,
            0,
            0,
            0,
            0,
            0,
            0,
            0,
            0,
            0,
            0,
            0,
            0,
            0,
            0,
            0,
            0,
            0,
            0,
            0,
            0,
            0,
            0,
            0,
            0,
            0,
            0
          ],
          "loss": [
            0.07493963837623596,
            0.019342126324772835,
            0.014529832638800144,
            0.008586154319345951,
            0.007356441114097834,
            0.005508909467607737,
            0.004951052833348513,
            0.004193475004285574,
            0.0032006073743104935,
            0.0028356045950204134,
            0.002537731546908617,
            0.002925122855231166,
            0.002196199493482709,
            0.0020286310464143753,
            0.002755549503490329,
            0.0008881299872882664,
            0.0020424718968570232,
            0.0016271305503323674,
            0.0009653505403548479,
            0.0012154248543083668,
            0.0006148211541585624,
            0.000327082525473088,
            0.00042853926424868405,
            0.00023507907462771982,
            0.00026928677107207477,
            0.0003065595228690654,
            0.0002231800026493147,
            0.00027605381910689175,
            0.00016164184489753097,
            0.0002158498391509056,
            0.00012441437866073102,
            0.00018894881941378117,
            0.0002037950325757265,
            0.0001743964821798727,
            0.00040677448851056397,
            0.00022829975932836533,
            0.0002104968298226595,
            0.00009830029011936858,
            0.00023232557578012347,
            0.0002840015513356775,
            0.00011822084343293682,
            0.00021805003052577376,
            0.00011973690561717376,
            0.00020134661463089287,
            0.00028020062018185854,
            0.0002893580822274089,
            0.00018518623255658895,
            0.00014042404654901475
          ],
          "learning_rate": [
            0.00009999999747378752,
            0.00009999999747378752,
            0.00009999999747378752,
            0.00009999999747378752,
            0.00009999999747378752,
            0.00009999999747378752,
            0.00009999999747378752,
            0.00009999999747378752,
            0.00009999999747378752,
            0.00009999999747378752,
            0.00009999999747378752,
            0.00009999999747378752,
            0.00009999999747378752,
            0.00009999999747378752,
            0.00009999999747378752,
            0.00009999999747378752,
            0.00009999999747378752,
            0.00009999999747378752,
            0.00009999999747378752,
            0.00009999999747378752,
            0.000009999999747378752,
            0.000009999999747378752,
            0.000009999999747378752,
            0.000009999999747378752,
            0.000009999999747378752,
            0.000009999999747378752,
            9.999999974752427e-7,
            9.999999974752427e-7,
            9.999999974752427e-7,
            9.999999974752427e-7,
            9.999999974752427e-7,
            1.0000000116860974e-7,
            1.0000000116860974e-7,
            1.0000000116860974e-7,
            1.0000000116860974e-7,
            9.99999993922529e-9,
            9.99999993922529e-9,
            9.99999993922529e-9,
            9.99999993922529e-9,
            9.99999993922529e-9,
            9.99999993922529e-9,
            9.99999993922529e-9,
            9.999999717180685e-10,
            9.999999717180685e-10,
            9.999999717180685e-10,
            9.999999717180685e-10,
            9.999999439624929e-11,
            9.999999439624929e-11
          ]
        },
        "epochs": 48,
        "final_test_metrics": {
          "loss": 0.020626643672585487,
          "accuracy": 0.9881267547607422,
          "eer": 0.022242743003663384
        }
      }
    },
    {
      "config": {
        "filtering_params": {
          "data_map_path": "data_maps/CASIA_FASD_V3_50percent_uniformSampling.json",
          "keep_ratio": 0.5,