{
  "metadata": {
    "experiment_id": "experiment_044_20260428-025457",
    "status": "completed",
    "notes": " rgb+hsv vs rgb vs hsv "
  },
  "records": [
    {
      "config": {
        "filtering_params": {
          "data_map_path": "data_maps/CASIA_FASD_V3_50percent_uniformSampling.json",
          "keep_ratio": 0.5,
          "filter_function": "uniform_sampling"
        },
        "data_params": {
          "dataset_path": "/kaggle/input/datasets/maameri/visual-computing-thesis-data/DATA",
          "input_size": [
            224,
            224,
            3
          ],
          "pixel_range": [
            0,
            1
          ],
          "batch_size": 16,
          "validation_subjects_number": 0,
          "get_random_subjects_for_validation": 1,
          "validation_dataset_baleance": 0
        },
        "augmentation_params": {
          "rotation_range": 0.15,
          "horizontal_flip": 1,
          "brightness_range": [
            0.7,
            1.3
          ],
          "zoom_range": 0.15
        },
        "model_params": {
          "model_init_function": "build_resnet50v2_rgb_v4",
          "architecture": "resNet50V2_FASD_RGB_V4",
          "parameters_count": 1434113,
          "note": null
        },
        "training_params": {
          "early_stopping_patience": 10,
          "learning_rate": 0.0001,
          "initial_epochs": 40,
          "ReduceLROnPlateau_patience": 3,
          "ReduceLROnPlateau_factor": 0.1
        }
      },
      "logs": {
        "best_model_name": "experiment_044_20260428-025457_0_model_resNet50V2_FASD_RGB_V4.keras",
        "training_history": {
          "accuracy": [
            0.9576738476753235,
            0.9917926788330078,
            0.9937272667884827,
            0.9964826107025146,
            0.9968636631965637,
            0.9967756867408752,
            0.9980654120445251,
            0.9975085258483887,
            0.9978309273719788,
            0.9991499781608582,
            0.9977430105209351,
            0.9986516833305359,
            0.9985930323600769,
            0.9997948408126831,
            0.9998827576637268,
            0.999941349029541,
            0.999941349029541,
            1,
            0.999941349029541,
            0.9999706745147705,
            0.9999706745147705,
            0.9999706745147705,
            1,
            1,
            0.9999706745147705,
            1,
            1,
            1,
            1,
            1,
            0.9999706745147705,
            0.9999706745147705,
            0.9999706745147705,
            1,
            0.9999706745147705,
            0.9999706745147705,
            1,
            1,
            1,
            1
          ],
          "eer": [
            0,
            0,
            0,
            0,
            0,
            0,
            0,
            0,
            0,
            0,
            0,
            0,
            0,
            0,
            0,
            0,
            0,
            0,
            0,
            0,
            0,
            0,
            0,
            0,
            0,
            0,
            0,
            0,
            0,
            0,
            0,
            0,
            0,
            0,
            0,
            0,
            0,
            0,
            0,
            0
          ],
          "loss": [
            0.10577370971441269,
            0.023030530661344528,
            0.017587920650839806,
            0.011375099420547485,
            0.009013800881803036,
            0.010380125604569912,
            0.006161395460367203,
            0.0075673931278288364,
            0.006946289446204901,
            0.002748887287452817,
            0.007380662485957146,
            0.004874472506344318,
            0.005107136908918619,
            0.0006605775561183691,
            0.0002801776572596282,
            0.00008774489106144756,
            0.00011847140558529645,
            0.000021225723685347475,
            0.00022929065744392574,
            0.00010468794062035158,
            0.00009017658157972619,
            0.00004621735934051685,
            0.000012784666978404857,
            0.000020555757146212272,
            0.00004164072743151337,
            0.000014562364412995521,
            0.000024153327103704214,
            0.000010582405593595468,
            0.000008660656931169797,
            0.000007462192115781363,
            0.000026269621230312623,
            0.000060352347645675763,
            0.00007513620221288875,
            0.000008549705853511114,
            0.00009829011105466634,
            0.00007365375495282933,
            0.000008439010343863629,
            0.000029259708753670566,
            0.000010566757737251464,
            0.00005962964132777415
          ],
          "learning_rate": [
            0.00009999999747378752,
            0.00009999999747378752,
            0.00009999999747378752,
            0.00009999999747378752,
            0.00009999999747378752,
            0.00009999999747378752,
            0.00009999999747378752,
            0.00009999999747378752,
            0.00009999999747378752,
            0.00009999999747378752,
            0.00009999999747378752,
            0.00009999999747378752,
            0.00009999999747378752,
            0.000009999999747378752,
            0.000009999999747378752,
            0.000009999999747378752,
            0.000009999999747378752,
            0.000009999999747378752,
            0.000009999999747378752,
            9.999999974752427e-7,
            9.999999974752427e-7,
            9.999999974752427e-7,
            1.0000000116860974e-7,
            1.0000000116860974e-7,
            1.0000000116860974e-7,
            9.99999993922529e-9,
            9.99999993922529e-9,
            9.99999993922529e-9,
            9.999999717180685e-10,
            9.999999717180685e-10,
            9.999999717180685e-10,
            9.999999439624929e-11,
            9.999999439624929e-11,
            9.999999439624929e-11,
            9.999999092680234e-12,
            9.999999092680234e-12,
            9.999999092680234e-12,
            9.9999988758398e-13,
            9.9999988758398e-13,
            9.9999988758398e-13
          ]
        },
        "epochs": 40,
        "final_test_metrics": {
          "loss": 0.08464871346950531,
          "accuracy": 0.9862696528434753,
          "eer": 0.0210327455919397
        }
      }
    },
    {
      "config": {
        "filtering_params": {
          "data_map_path": "data_maps/CASIA_FASD_V3_50percent_uniformSampling.json",
          "keep_ratio": 0.5,
          "filter_function": "uniform_sampling"
        },
        "data_params": {
          "dataset_path": "/kaggle/input/datasets/maameri/visual-computing-thesis-data/DATA",
          "input_size": [
            224,
            224,
            3
          ],
          "pixel_range": [
            0,
            1
          ],
          "batch_size": 16,
          "validation_subjects_number": 0,
          "get_random_subjects_for_validation": 1,
          "validation_dataset_baleance": 0
        },
        "augmentation_params": {
          "rotation_range": 0.15,
          "horizontal_flip": 1,
          "brightness_range": [
            0.7,
            1.3
          ],
          "zoom_range": 0.15
        },
        "model_params": {
          "model_init_function": "build_resnet50v2_hsv_v4",
          "architecture": "resNet50V2_FASD_HSV_V4",
          "parameters_count": 1434113,
          "note": null
        },
        "training_params": {
          "early_stopping_patience": 10,
          "learning_rate": 0.0001,
          "initial_epochs": 40,
          "ReduceLROnPlateau_patience": 3,
          "ReduceLROnPlateau_factor": 0.1
        }
      },
      "logs": {
        "best_model_name": "experiment_044_20260428-025457_1_model_resNet50V2_FASD_HSV_V4.keras",