{
  "metadata": {
    "experiment_id": "experiment_027_20260421-141657",
    "status": "completed",
    "notes": " "
  },
  "records": [
    {
      "config": {
        "filtering_params": {
          "data_map_path": "data_maps/CASIA_FASD_V3_50percent_uniformSampling.json",
          "keep_ratio": 0.5,
          "filter_function": "uniform_sampling"
        },
        "data_params": {
          "dataset_path": "/kaggle/input/datasets/maameri/visual-computing-thesis-data/DATA",
          "input_size": [
            224,
            224,
            3
          ],
          "pixel_range": [
            0,
            1
          ],
          "batch_size": 16,
          "validation_subjects_number": 4,
          "get_random_subjects_for_validation": 1,
          "validation_dataset_baleance": 0
        },
        "augmentation_params": {
          "rotation_range": 0.15,
          "horizontal_flip": 1,
          "brightness_range": [
            0.7,
            1.3
          ],
          "zoom_range": 0.15
        },
        "model_params": {
          "model_init_function": "build_resnet50v2_hsv_rgb",
          "architecture": "resNet50V2_FASD_HSV_RGB",
          "parameters_count": 23576257,
          "note": null
        },
        "training_params": {
          "early_stopping_patience": 10,
          "learning_rate": 0.0001,
          "initial_epochs": 50,
          "ReduceLROnPlateau_patience": 3,
          "ReduceLROnPlateau_factor": 0.05
        }
      },
      "logs": {
        "best_model_name": "experiment_027_20260421-141657_0_model_resNet50V2_FASD_HSV_RGB.keras",
        "training_history": {
          "accuracy": [
            0.9577018618583679,
            0.9924584627151489,
            0.9938428997993469,
            0.9965753555297852,
            0.996356725692749,
            0.997231125831604,
            0.9990163445472717,
            0.9995992183685303,
            0.9997814297676086,
            0.9998178482055664,
            0.9998178482055664,
            0.9997085332870483,
            0.9997814297676086
          ],
          "eer": [
            0,
            0,
            0,
            0,
            0,
            0,
            0,
            0,
            0,
            0,
            0,
            0,
            0
          ],
          "loss": [
            0.10394782572984695,
            0.023114105686545372,
            0.020986465737223625,
            0.011932107619941235,
            0.011701012030243874,
            0.008596813306212425,
            0.003009683219715953,
            0.0017904427368193865,
            0.0009044958278536797,
            0.0007920790812931955,
            0.0007491563446819782,
            0.0011745502706617117,
            0.0008532654610462487
          ],
          "val_eer": [
            0.04589082183649311,
            0.06718656268689933,
            0.0009276437847869204,
            0.01919616076857184,
            0.008398320335086834,
            0.0500927643784787,
            0.007798440310754349,
            0.0027829313543553174,
            0.0037105751391465136,
            0.00329934013089041,
            0.0020995800842327685,
            0.0035992801439334696,
            0.003599280143389878
          ],
          "val_loss": [
            0.2125171273946762,
            0.11101322621107101,
            0.01019311137497425,
            0.05511923506855965,
            0.021413633599877357,
            0.0822245255112648,
            0.027369285002350807,
            0.020262880250811577,
            0.016967445611953735,
            0.01816195249557495,
            0.0169745534658432,
            0.019202250987291336,
            0.018418539315462112
          ],
          "val_accuracy": [
            0.9009519219398499,
            0.9614686965942383,
            0.9988667368888855,
            0.9696282744407654,
            0.9920670986175537,
            0.9641885757446289,
            0.9922937154769897,
            0.9950135946273804,
            0.995693564414978,
            0.9954668879508972,
            0.9954668879508972,
            0.9954668879508972,
            0.9954668879508972
          ],
          "learning_rate": [
            0.00009999999747378752,
            0.00009999999747378752,
            0.00009999999747378752,
            0.00009999999747378752,
            0.00009999999747378752,
            0.00009999999747378752,
            0.000004999999873689376,
            0.000004999999873689376,
            0.000004999999873689376,
            2.499999993688107e-7,
            2.499999993688107e-7,
            2.499999993688107e-7,
            1.2500000146076218e-8
          ]
        },
        "epochs": 13,
        "final_test_metrics": {
          "loss": 0.16167016327381134,
          "accuracy": 0.9627667665481567,
          "eer": 0.0459697732997475
        }
      }
    },
    {
      "config": {
        "filtering_params": {
          "data_map_path": "data_maps/CASIA_FASD_V3_50percent_uniformSampling.json",
          "keep_ratio": 0.5,
          "filter_function": "uniform_sampling"
        },
        "data_params": {
          "dataset_path": "/kaggle/input/datasets/maameri/visual-computing-thesis-data/DATA",
          "input_size": [
            448,
            448,
            3
          ],
          "pixel_range": [
            0,
            1
          ],
          "batch_size": 16,
          "validation_subjects_number": 0,
          "get_random_subjects_for_validation": 1,
          "validation_dataset_baleance": 1
        },
        "augmentation_params": {
          "rotation_range": 0.15,
          "horizontal_flip": 1,
          "brightness_range": [
            0.7,
            1.3
          ],
          "zoom_range": 0.15
        },
        "model_params": {
          "model_init_function": "build_resnet50v2_hsv_rgb",
          "architecture": "resNet50V2_FASD_HSV_RGB",
          "parameters_count": 23576257,
          "note": null
        },
        "training_params": {
          "early_stopping_patience": 10,
          "learning_rate": 0.0001,
          "initial_epochs": 50,
          "ReduceLROnPlateau_patience": 3,
          "ReduceLROnPlateau_factor": 0.05
        }
      },
      "logs": {
        "best_model_name": "experiment_027_20260421-141657_1_model_resNet50V2_FASD_HSV_RGB.keras",
        "training_history": {
          "accuracy": [
            0.9650603532791138,
            0.9917634129524231,
            0.9947238564491272,
            0.9967464208602905,
            0.9973326325416565,
            0.9980654120445251,
            0.9980068206787109,
            0.9980947375297546,
            0.9990620017051697,
            0.9975671172142029,
            0.9985344409942627,
            0.9990620017051697,
            0.9992965459823608,
            0.9982998967170715,
            0.9992378950119019,
            0.9996189475059509,
            0.998974084854126,
            0.9993258118629456,
            0.9988568425178528,
            0.9998827576637268,
            0.9999706745147705,
            0.9998827576637268,
            1,
            0.9998241066932678,
            0.9998534321784973,
            1,
            1,
            0.9999706745147705,
            0.9999120831489563,
            0.9999706745147705,
            1,
            0.9999706745147705,
            0.9999120831489563,
            0.9999706745147705,
            1,
            0.999941349029541,
            0.9998241066932678,
            0.9999706745147705,
            1,
            0.999941349029541,
            0.9999706745147705
          ],