{
  "metadata": {
    "experiment_id": "experiment_024_20260421-080605",
    "status": "completed",
    "notes": " "
  },
  "records": [
    {
      "config": {
        "filtering_params": {
          "data_map_path": "data_maps/CASIA_FASD_V3_50percent_uniformSampling.json",
          "keep_ratio": 0.5,
          "filter_function": "uniform_sampling"
        },
        "data_params": {
          "dataset_path": "/kaggle/input/datasets/maameri/visual-computing-thesis-data/DATA",
          "input_size": [
            224,
            224,
            3
          ],
          "pixel_range": [
            0,
            1
          ],
          "batch_size": 32,
          "validation_subjects_number": 4,
          "get_random_subjects_for_validation": 1,
          "validation_dataset_baleance": 1
        },
        "augmentation_params": {
          "rotation_range": 0.15,
          "horizontal_flip": 1,
          "brightness_range": [
            0.7,
            1.3
          ],
          "zoom_range": 0.15
        },
        "model_params": {
          "model_init_function": "build_resnet50v2_hsv_rgb",
          "architecture": "resNet50V2_FASD_HSV_RGB",
          "parameters_count": 23576257,
          "note": null
        },
        "training_params": {
          "early_stopping_patience": 12,
          "learning_rate": 0.00001,
          "initial_epochs": 50,
          "ReduceLROnPlateau_patience": 3,
          "ReduceLROnPlateau_factor": 0.05
        }
      },
      "logs": {
        "best_model_name": "experiment_024_20260421-080605_0_model_resNet50V2_FASD_HSV_RGB.keras",
        "training_history": {
          "accuracy": [
            0.9180280566215515,
            0.9830490350723267,
            0.9916871190071106,
            0.9924461245536804,
            0.9968555569648743,
            0.9968555569648743,
            0.9973977208137512,
            0.9976507425308228,
            0.997831404209137,
            0.9973977208137512,
            0.9973616003990173,
            0.9975061416625977,
            0.9977591633796692,
            0.9977952837944031,
            0.9973254203796387,
            0.9980483055114746,
            0.9980483055114746,
            0.99833744764328,
            0.9980483055114746,
            0.9981205463409424,
            0.9984096884727478,
            0.9983735680580139,
            0.9979037046432495,
            0.9983012676239014,
            0.9985904097557068,
            0.997831404209137,
            0.9979037046432495,
            0.9984458684921265,
            0.9984458684921265,
            0.997831404209137,
            0.9982290267944336,
            0.9982290267944336,
            0.9981205463409424,
            0.998156726360321,
            0.9979398846626282,
            0.9977591633796692
          ],
          "eer": [
            0,
            0,
            0,
            0,
            0,
            0,
            0,
            0,
            0,
            0,
            0,
            0,
            0,
            0,
            0,
            0,
            0,
            0,
            0,
            0,
            0,
            0,
            0,
            0,
            0,
            0,
            0,
            0,
            0,
            0,
            0,
            0,
            0,
            0,
            0,
            0
          ],
          "loss": [
            0.19159331917762756,
            0.04435038939118385,
            0.02496080845594406,
            0.02071325108408928,
            0.010519309900701046,
            0.009127725847065449,
            0.008399654179811478,
            0.008081684820353985,
            0.007125201169401407,
            0.007943377830088139,
            0.00769796734675765,
            0.007481928449124098,
            0.007535209413617849,
            0.007538343779742718,
            0.007510756142437458,
            0.006447598338127136,
            0.006292210426181555,
            0.0054308148100972176,
            0.005952006671577692,
            0.0053529636934399605,
            0.005624010693281889,
            0.005148205906152725,
            0.00689360685646534,
            0.00567238312214613,
            0.0051620034500956535,
            0.0070138913579285145,
            0.006543962750583887,
            0.005968708079308271,
            0.005353269632905722,
            0.007135192863643169,
            0.005837216507643461,
            0.005656124092638493,
            0.00653395801782608,
            0.005690647754818201,
            0.005610795225948095,
            0.006655070930719376
          ],
          "val_eer": [
            0.04403100775027177,
            0.078699483439132,
            0.04894885472230949,
            0.052050473186005475,
            0.02846418517360029,
            0.023854362838147163,
            0.024785801713577714,
            0.023711666139992,
            0.022967101179047024,
            0.024562480810616776,
            0.02068539672738551,
            0.024722662441161884,
            0.022052067381438265,
            0.027906976744270912,
            0.024854249769867193,
            0.022056539297385512,
            0.021022905552238305,
            0.019956345494011426,
            0.020917889478552068,
            0.020755885996830346,
            0.021927115503395937,
            0.021478981282602016,
            0.020569620253384345,
            0.019644527597638038,
            0.020640788662074843,
            0.02088607595030135,
            0.02056074766341165,
            0.021565003080714722,
            0.021033096196614844,
            0.020552147239944897,
            0.021929824561852402,
            0.021475256768038478,
            0.021558361564260116,
            0.02276980661260148,
            0.021691973969589665,
            0.020408163265231115
          ],
          "val_loss": [
            0.11577048897743225,
            0.21285860240459442,
            0.15363691747188568,
            0.18271440267562866,
            0.06485764682292938,
            0.049857914447784424,
            0.056080903857946396,
            0.05392736941576004,
            0.05178897827863693,
            0.05196365341544151,
            0.04210826754570007,
            0.05111062154173851,
            0.04569869115948677,
            0.06125331670045853,
            0.05211864039301872,
            0.047093465924263,
            0.04542688652873039,
            0.04495894908905029,
            0.04332026466727257,
            0.04394855722784996,
            0.047579143196344376,
            0.04783466085791588,
            0.04365447163581848,
            0.043818939477205276,
            0.044285088777542114,
            0.047324832528829575,
            0.04520875960588455,
            0.0468248575925827,
            0.04650963097810745,
            0.04791494831442833,
            0.049335356801748276,
            0.045320991426706314,
            0.044396642595529556,
            0.04663346707820892,
            0.047193724662065506,
            0.047815971076488495
          ],