{
  "metadata": {
    "experiment_id": "experiment_037_20260427-020056",
    "status": "completed",
    "notes": " get mid features with hybrid pooling only rgb"
  },
  "records": [
    {
      "config": {
        "filtering_params": {
          "data_map_path": "data_maps/CASIA_FASD_V3_50percent_uniformSampling.json",
          "keep_ratio": 0.5,
          "filter_function": "uniform_sampling"
        },
        "data_params": {
          "dataset_path": "/kaggle/input/datasets/maameri/visual-computing-thesis-data/DATA",
          "input_size": [
            224,
            224,
            3
          ],
          "pixel_range": [
            0,
            1
          ],
          "batch_size": 16,
          "validation_subjects_number": 0,
          "get_random_subjects_for_validation": 1,
          "validation_dataset_baleance": 0
        },
        "augmentation_params": {
          "rotation_range": 0.15,
          "horizontal_flip": 1,
          "brightness_range": [
            0.7,
            1.3
          ],
          "zoom_range": 0.15
        },
        "model_params": {
          "model_init_function": "build_resnet50v2_rgb_v4",
          "architecture": "resNet50V2_FASD_RGB_V4",
          "parameters_count": 1434113,
          "note": null
        },
        "training_params": {
          "early_stopping_patience": 10,
          "learning_rate": 0.0001,
          "initial_epochs": 40,
          "ReduceLROnPlateau_patience": 3,
          "ReduceLROnPlateau_factor": 0.1
        }
      },
      "logs": {
        "best_model_name": "experiment_037_20260427-020056_0_model_resNet50V2_FASD_RGB_V4.keras",
        "training_history": {
          "accuracy": [
            0.9545961022377014,
            0.9905322790145874,
            0.994079053401947,
            0.9961015582084656,
            0.9961308240890503,
            0.9974498748779297,
            0.9972447156906128,
            0.9984171390533447,
            0.9982706308364868,
            0.9982119798660278,
            0.9986516833305359,
            0.9987102746963501,
            0.9985930323600769,
            0.9986516833305359,
            0.9996775984764099,
            0.9999706745147705,
            1,
            0.9999706745147705,
            1,
            0.9999706745147705,
            1,
            0.999941349029541,
            0.999941349029541,
            1,
            0.9999706745147705,
            1,
            1,
            1,
            1,
            0.9999706745147705,
            0.9999706745147705,
            1,
            1,
            1,
            1,
            1,
            1,
            1,
            1,
            1
          ],
          "eer": [
            0,
            0,
            0,
            0,
            0,
            0,
            0,
            0,
            0,
            0,
            0,
            0,
            0,
            0,
            0,
            0,
            0,
            0,
            0,
            0,
            0,
            0,
            0,
            0,
            0,
            0,
            0,
            0,
            0,
            0,
            0,
            0,
            0,
            0,
            0,
            0,
            0,
            0,
            0,
            0
          ],
          "loss": [
            0.11287948489189148,
            0.027093002572655678,
            0.017049413174390793,
            0.011652719229459763,
            0.01154406275600195,
            0.007159138564020395,
            0.008151035755872726,
            0.005440603941679001,
            0.00606455048546195,
            0.00574983237311244,
            0.003729843534529209,
            0.00377417029812932,
            0.005246651824563742,
            0.004889847710728645,
            0.0008876226493157446,
            0.00020067382138222456,
            0.00009422680159332231,
            0.00007240242848638445,
            0.00003157306491630152,
            0.00006778541137464345,
            0.0000064965802266669925,
            0.00012875547690782696,
            0.00016838102601468563,
            0.000028443524570320733,
            0.00008329776755999774,
            0.000020933110135956667,
            0.000013765468793280888,
            0.000005296547897160053,
            0.000017540663975523785,
            0.00009002016304293647,
            0.0000737597219995223,
            0.000011077828276029322,
            0.0000046582113100157585,
            0.00000776822525949683,
            0.0000033178505418618442,
            0.000005688942110282369,
            0.000006628682967857458,
            0.00002030164068855811,
            0.000024240238417405635,
            0.000012542559488792904
          ],
          "learning_rate": [
            0.00009999999747378752,
            0.00009999999747378752,
            0.00009999999747378752,
            0.00009999999747378752,
            0.00009999999747378752,
            0.00009999999747378752,
            0.00009999999747378752,
            0.00009999999747378752,
            0.00009999999747378752,
            0.00009999999747378752,
            0.00009999999747378752,
            0.00009999999747378752,
            0.00009999999747378752,
            0.00009999999747378752,
            0.000009999999747378752,
            0.000009999999747378752,
            0.000009999999747378752,
            0.000009999999747378752,
            0.000009999999747378752,
            0.000009999999747378752,
            9.999999974752427e-7,
            9.999999974752427e-7,
            9.999999974752427e-7,
            1.0000000116860974e-7,
            1.0000000116860974e-7,
            1.0000000116860974e-7,
            9.99999993922529e-9,
            9.99999993922529e-9,
            9.99999993922529e-9,
            9.999999717180685e-10,
            9.999999717180685e-10,
            9.999999717180685e-10,
            9.999999439624929e-11,
            9.999999439624929e-11,
            9.999999439624929e-11,
            9.999999092680234e-12,
            9.999999092680234e-12,
            9.999999092680234e-12,
            9.9999988758398e-13,
            9.9999988758398e-13
          ]
        },
        "epochs": 40,
        "final_test_metrics": {
          "loss": 0.08568888902664185,
          "accuracy": 0.9880354404449463,
          "eer": 0.01557794997310682
        }
      }
    }
  ]
}