{
  "metadata": {
    "experiment_id": "experiment_023_20260421-075511",
    "status": "completed",
    "notes": " "
  },
  "records": [
    {
      "config": {
        "filtering_params": {
          "data_map_path": "data_maps/CASIA_FASD_V3_10percent_uniformSampling.json",
          "keep_ratio": 0.1,
          "filter_function": "uniform_sampling"
        },
        "data_params": {
          "dataset_path": "/kaggle/input/datasets/maameri/visual-computing-thesis-data/DATA",
          "input_size": [
            224,
            224,
            3
          ],
          "pixel_range": [
            0,
            1
          ],
          "batch_size": 32,
          "validation_subjects_number": 4,
          "get_random_subjects_for_validation": 1,
          "validation_dataset_baleance": 1
        },
        "augmentation_params": {
          "rotation_range": 0.15,
          "horizontal_flip": 1,
          "brightness_range": [
            0.7,
            1.3
          ],
          "zoom_range": 0.15
        },
        "model_params": {
          "model_init_function": "build_resnet50v2_hsv_rgb",
          "architecture": "resNet50V2_FASD_HSV_RGB",
          "parameters_count": 23576257,
          "note": null
        },
        "training_params": {
          "early_stopping_patience": 12,
          "learning_rate": 0.00001,
          "initial_epochs": 50,
          "ReduceLROnPlateau_patience": 3,
          "ReduceLROnPlateau_factor": 0.05
        }
      },
      "logs": {
        "best_model_name": "experiment_023_20260421-075511_0_model_resNet50V2_FASD_HSV_RGB.keras",
        "training_history": {
          "accuracy": [
            0.7740578055381775,
            0.9224295616149902,
            0.956824004650116,
            0.9718258380889893,
            0.9826198220252991,
            0.9813392162322998,
            0.9859129190444946,
            0.9888401031494141,
            0.9873765110969543,
            0.9899377822875977,
            0.9899377822875977,
            0.9859129190444946,
            0.989754855632782,
            0.9904866218566895,
            0.9924991130828857,
            0.9923161268234253
          ],
          "eer": [
            0,
            0,
            0,
            0,
            0,
            0,
            0,
            0,
            0,
            0,
            0,
            0,
            0,
            0,
            0,
            0
          ],
          "loss": [
            0.4572266936302185,
            0.19963587820529938,
            0.11506002396345139,
            0.07430533319711685,
            0.051639288663864136,
            0.05390137434005737,
            0.04154832288622856,
            0.03391037881374359,
            0.033527620136737823,
            0.02968699298799038,
            0.027222294360399246,
            0.03427372872829437,
            0.03168163821101189,
            0.02557593770325184,
            0.026150314137339592,
            0.026623999699950218
          ],
          "val_eer": [
            0.28933333333331973,
            0.24271844660104852,
            0.1256613756604744,
            0.07569721115544492,
            0.1022880215351828,
            0.12700534759293355,
            0.09405255878284521,
            0.11025641025641031,
            0.08839779005524342,
            0.10158311345646952,
            0.09542483660046754,
            0.09959623149435326,
            0.10107816711590303,
            0.10620689655121875,
            0.10107816711452686,
            0.09793103448275832
          ],
          "val_loss": [
            0.9876769781112671,
            1.7612950801849365,
            0.6747209429740906,
            0.2017505168914795,
            0.26002320647239685,
            0.37673085927963257,
            0.42716675996780396,
            0.3079310953617096,
            0.25298574566841125,
            0.26240670680999756,
            0.25219762325286865,
            0.26452600955963135,
            0.2613561451435089,
            0.2899099290370941,
            0.2734387516975403,
            0.26117968559265137
          ],
          "val_accuracy": [
            0.517449676990509,
            0.6697986721992493,
            0.8483221530914307,
            0.9174496531486511,
            0.9033557176589966,
            0.87315434217453,
            0.8738254904747009,
            0.8704698085784912,
            0.8999999761581421,
            0.8919463157653809,
            0.8932886123657227,
            0.8852348923683167,
            0.8906040191650391,
            0.8744966387748718,
            0.8838925957679749,
            0.8906040191650391
          ],
          "learning_rate": [
            0.000009999999747378752,
            0.000009999999747378752,
            0.000009999999747378752,
            0.000009999999747378752,
            0.000009999999747378752,
            0.000009999999747378752,
            0.000009999999747378752,
            4.999999987376214e-7,
            4.999999987376214e-7,
            4.999999987376214e-7,
            2.5000000292152436e-8,
            2.5000000292152436e-8,
            2.5000000292152436e-8,
            1.2499999924031613e-9,
            1.2499999924031613e-9,
            1.2499999924031613e-9
          ]
        },
        "epochs": 16,
        "final_test_metrics": {
          "loss": 0.303871214389801,
          "accuracy": 0.9067063927650452,
          "eer": 0.11152187307462669
        }
      }
    }
  ]
}