{
  "metadata": {
    "experiment_id": "experiment_064_20260502-035118",
    "status": "completed",
    "notes": " pretrain the resnet50v2_rgb_v4 model on 1/4 patches with minimal augs"
  },
  "records": [
    {
      "config": {
        "filtering_params": {
          "data_map_path": "data_maps/CASIA_FASD_V3_50percent_uniformSampling.json",
          "keep_ratio": 0.5,
          "filter_function": "uniform_sampling"
        },
        "data_params": {
          "dataset_path": "/kaggle/input/datasets/maameri/visual-computing-thesis-data/DATA",
          "input_size": [
            224,
            224,
            3
          ],
          "pixel_range": [
            0,
            1
          ],
          "batch_size": 16,
          "validation_subjects_number": 0,
          "get_random_subjects_for_validation": 1,
          "validation_dataset_baleance": 0
        },
        "augmentation_params": {
          "rotation_range": 0.15,
          "horizontal_flip": 1,
          "brightness_delta": 0,
          "zoom_range": [
            0.5,
            0.5
          ]
        },
        "model_params": {
          "model_init_function": "build_resnet50v2_rgb_v4",
          "architecture": "resNet50V2_FASD_RGB_V4",
          "parameters_count": 1434113,
          "note": null,
          "label_smoothing": 0.1,
          "isFocalLoss": 0,
          "focal_alpha": 0.25,
          "focal_gamma": 2,
          "apply_class_balancing": 0
        },
        "training_params": {
          "early_stopping_patience": 10,
          "learning_rate": 0.0001,
          "initial_epochs": 80,
          "ReduceLROnPlateau_patience": 4,
          "ReduceLROnPlateau_factor": 0.1,
          "isAdamW": 0
        }
      },
      "logs": {
        "best_model_name": "experiment_064_20260502-035118_0_model_resNet50V2_FASD_RGB_V4.keras",
        "training_history": {
          "accuracy": [
            0.9027435779571533,
            0.9750556945800781,
            0.9854906797409058,
            0.9911771416664124,
            0.9944601058959961,
            0.9961308240890503,
            0.9971860647201538,
            0.9974792003631592,
            0.9986223578453064,
            0.9986516833305359,
            0.9989154934883118,
            0.9991792440414429,
            0.9989154934883118,
            0.9993258118629456,
            0.9993844628334045,
            0.9995017051696777,
            0.9992965459823608,
            0.9997361898422241,
            0.9996775984764099,
            0.9997068643569946,
            0.9998827576637268,
            0.9996775984764099,
            0.9995896220207214,
            0.9995310306549072,
            0.9994430541992188,
            0.9997655153274536,
            0.9995602965354919,
            0.9997361898422241,
            0.9998534321784973,
            0.9998827576637268,
            0.9998534321784973,
            0.9997655153274536,
            0.9998534321784973,
            0.9995896220207214,
            0.9999706745147705,
            0.999941349029541,
            1,
            1,
            1,
            1,
            1,
            0.9999706745147705,
            1,
            1,
            1,
            0.9999706745147705,
            1,
            1,
            1,
            1,
            1,
            1,
            1,
            1,
            0.9999706745147705,
            0.9999706745147705,
            1,
            1,
            1,
            0.9999706745147705,
            1,
            1
          ],
          "eer": [
            0,
            0,
            0,
            0,
            0,
            0,
            0,
            0,
            0,
            0,
            0,
            0,
            0,
            0,
            0,
            0,
            0,
            0,
            0,
            0,
            0,
            0,
            0,
            0,
            0,
            0,
            0,
            0,
            0,
            0,
            0,
            0,
            0,
            0,
            0,
            0,
            0,
            0,
            0,
            0,
            0,
            0,
            0,
            0,
            0,
            0,
            0,
            0,
            0,
            0,
            0,
            0,
            0,
            0,
            0,
            0,
            0,
            0,
            0,
            0,
            0,
            0
          ],
          "loss": [
            0.3686833083629608,
            0.25918009877204895,
            0.2405921220779419,
            0.22950540482997894,
            0.2225833386182785,
            0.21842855215072632,
            0.21538162231445312,
            0.21322767436504364,
            0.21104635298252106,
            0.2100161761045456,
            0.2090107649564743,
            0.20795096457004547,
            0.20787151157855988,
            0.20686028897762299,
            0.2066553384065628,
            0.2060844600200653,
            0.20603926479816437,
            0.20498418807983398,
            0.2051297426223755,
            0.2044854611158371,
            0.2043997347354889,
            0.2044580727815628,
            0.20447945594787598,
            0.20431473851203918,
            0.20423920452594757,
            0.20368273556232452,
            0.20408116281032562,
            0.20376048982143402,
            0.20354455709457397,
            0.20310015976428986,
            0.2033819705247879,
            0.20335271954536438,
            0.2031879425048828,
            0.20356497168540955,
            0.2021920531988144,
            0.20200343430042267,
            0.20184965431690216,
            0.20187921822071075,
            0.201845183968544,
            0.2018173784017563,
            0.20177429914474487,
            0.2017422318458557,
            0.2017812579870224,
            0.2017519772052765,
            0.20176313817501068,
            0.2017686814069748,
            0.20172548294067383,
            0.20165205001831055,
            0.2017240822315216,
            0.2017669826745987,
            0.20171405375003815,
            0.20165063440799713,
            0.2017318159341812,
            0.20176883041858673,
            0.2017204910516739,
            0.20170782506465912,
            0.20172253251075745,
            0.20168034732341766,
            0.20173737406730652,
            0.20174318552017212,
            0.20169608294963837,
            0.20175129175186157
          ],