{
  "metadata": {
    "experiment_id": "experiment_018_20260420-172458",
    "status": "completed",
    "notes": " "
  },
  "records": [
    {
      "config": {
        "filtering_params": {
          "data_map_path": "data_maps/CASIA_FASD_V3_50percent_uniformSampling.json",
          "keep_ratio": 0.5,
          "filter_function": "uniform_sampling"
        },
        "data_params": {
          "dataset_path": "/kaggle/input/datasets/maameri/visual-computing-thesis-data/DATA",
          "input_size": [
            224,
            224,
            3
          ],
          "pixel_range": [
            0,
            1
          ],
          "batch_size": 32,
          "validation_subjects_number": 5,
          "get_random_subjects_for_validation": 1,
          "validation_dataset_baleance": 1
        },
        "augmentation_params": {
          "rotation_range": 0.15,
          "horizontal_flip": 1,
          "brightness_range": [
            0.7,
            1.3
          ],
          "zoom_range": 0.15
        },
        "model_params": {
          "model_init_function": "build_resnet50v2_9channel",
          "architecture": "ResNet50V2_9Ch",
          "parameters_count": 23585665,
          "note": null
        },
        "training_params": {
          "early_stopping_patience": 8,
          "learning_rate": 0.00001,
          "initial_epochs": 40,
          "ReduceLROnPlateau_patience": 4,
          "ReduceLROnPlateau_factor": 0.1
        }
      },
      "logs": {
        "best_model_name": "experiment_018_20260420-172458_0_model_ResNet50V2_9Ch.keras",
        "training_history": {
          "accuracy": [
            0.9088414907455444,
            0.9843496680259705,
            0.9908803105354309,
            0.9946286678314209,
            0.9956719875335693,
            0.9962130188941956,
            0.9969085454940796,
            0.9971790909767151,
            0.9984156489372253,
            0.9982224106788635,
            0.9978359937667847,
            0.9993817210197449,
            0.9992271661758423,
            0.9998067617416382,
            0.9999613761901855
          ],
          "eer": [
            0,
            0,
            0,
            0,
            0,
            0,
            0,
            0,
            0,
            0,
            0,
            0,
            0,
            0,
            0
          ],
          "loss": [
            0.20881427824497223,
            0.043596673756837845,
            0.027035659179091454,
            0.015842249616980553,
            0.01287207379937172,
            0.010566141456365585,
            0.009763265028595924,
            0.00884922593832016,
            0.004503138363361359,
            0.005195003934204578,
            0.006125300191342831,
            0.002065379871055484,
            0.001967140706256032,
            0.0012280010851100087,
            0.0008232885738834739
          ],
          "val_eer": [
            0.05712878601329724,
            0.04945717732141135,
            0.044536383548344646,
            0.11988444872412143,
            0.05459355459430397,
            0.04337349397590367,
            0.03119709794342909,
            0.08575546480910504,
            0.04754937819910274,
            0.06972789115577667,
            0.06306526521632855,
            0.0582166543846721,
            0.06281710558073816,
            0.05919610231418893,
            0.0765492102065746
          ],
          "val_loss": [
            0.13760347664356232,
            0.18300782144069672,
            0.21980074048042297,
            0.3678760528564453,
            0.16517196595668793,
            0.6437087655067444,
            0.12962111830711365,
            0.7694516181945801,
            0.17597128450870514,
            0.7294226288795471,
            0.1628236621618271,
            0.32267114520072937,
            0.33179330825805664,
            0.36287468671798706,
            0.4541698098182678
          ],
          "val_accuracy": [
            0.9446467757225037,
            0.936149537563324,
            0.9253459572792053,
            0.8868657350540161,
            0.9452537298202515,
            0.8201019763946533,
            0.9418548345565796,
            0.8338189125061035,
            0.9430686831474304,
            0.87594074010849,
            0.9373634457588196,
            0.9230395555496216,
            0.928502082824707,
            0.9224326014518738,
            0.9134498834609985
          ],
          "learning_rate": [
            0.000009999999747378752,
            0.000009999999747378752,
            0.000009999999747378752,
            0.000009999999747378752,
            0.000009999999747378752,
            0.000009999999747378752,
            0.000009999999747378752,
            0.000009999999747378752,
            0.000009999999747378752,
            0.000009999999747378752,
            0.000009999999747378752,
            9.999999974752427e-7,
            9.999999974752427e-7,
            9.999999974752427e-7,
            9.999999974752427e-7
          ]
        },
        "epochs": 15,
        "final_test_metrics": {
          "loss": 0.2689579725265503,
          "accuracy": 0.9482448697090149,
          "eer": 0.07704661340091884
        }
      }
    }
  ]
}