{
  "metadata": {
    "experiment_id": "experiment_036_20260427-020138",
    "status": "completed",
    "notes": "  "
  },
  "records": [
    {
      "config": {
        "filtering_params": {
          "data_map_path": "data_maps/CASIA_FASD_V3_50percent_uniformSampling.json",
          "keep_ratio": 0.5,
          "filter_function": "uniform_sampling"
        },
        "data_params": {
          "dataset_path": "/kaggle/input/datasets/maameri/visual-computing-thesis-data/DATA",
          "input_size": [
            224,
            224,
            3
          ],
          "pixel_range": [
            0,
            1
          ],
          "batch_size": 16,
          "validation_subjects_number": 0,
          "get_random_subjects_for_validation": 1,
          "validation_dataset_baleance": 0
        },
        "augmentation_params": {
          "rotation_range": 0.15,
          "horizontal_flip": 1,
          "brightness_range": [
            0.7,
            1.3
          ],
          "zoom_range": 0.15
        },
        "model_params": {
          "model_init_function": "build_resnet50v2_hsv_rgb_h_lbp",
          "architecture": "resNet50V2_FASD_HSV_RGB_H_LBP",
          "parameters_count": 23579393,
          "note": null,
          "label_smoothing": 0.1
        },
        "training_params": {
          "early_stopping_patience": 10,
          "learning_rate": 0.0001,
          "initial_epochs": 40,
          "ReduceLROnPlateau_patience": 3,
          "ReduceLROnPlateau_factor": 0.1
        }
      },
      "logs": {
        "best_model_name": "experiment_036_20260427-020138_0_model_resNet50V2_FASD_HSV_RGB_H_LBP.keras",
        "training_history": {
          "accuracy": [
            0.9483233690261841,
            0.996277391910553,
            0.9968050122261047,
            0.9981826543807983,
            0.997948169708252,
            0.9987396001815796,
            0.9988568425178528,
            0.9992378950119019,
            0.9989447593688965,
            0.9996189475059509,
            0.9992672204971313,
            0.9992965459823608,
            0.9998534321784973,
            0.9994723796844482,
            0.9993258118629456,
            0.999355137348175,
            0.9999706745147705,
            0.999941349029541,
            1,
            1,
            1,
            1,
            1,
            1,
            1,
            1,
            0.9999706745147705,
            1,
            1,
            1,
            1,
            1,
            1,
            1,
            1,
            1,
            0.9999706745147705,
            1,
            1,
            1
          ],
          "eer": [
            0,
            0,
            0,
            0,
            0,
            0,
            0,
            0,
            0,
            0,
            0,
            0,
            0,
            0,
            0,
            0,
            0,
            0,
            0,
            0,
            0,
            0,
            0,
            0,
            0,
            0,
            0,
            0,
            0,
            0,
            0,
            0,
            0,
            0,
            0,
            0,
            0,
            0,
            0,
            0
          ],
          "loss": [
            0.2971974015235901,
            0.22042395174503326,
            0.2121467888355255,
            0.2066185027360916,
            0.20627382397651672,
            0.20372696220874786,
            0.20266714692115784,
            0.20185042917728424,
            0.20227141678333282,
            0.200452521443367,
            0.2010412961244583,
            0.20087862014770508,
            0.19962330162525177,
            0.20047245919704437,
            0.20063544809818268,
            0.20045451819896698,
            0.1990918219089508,
            0.19900530576705933,
            0.19890791177749634,
            0.1988486349582672,
            0.19882208108901978,
            0.19881455600261688,
            0.1987912952899933,
            0.19877469539642334,
            0.1987704187631607,
            0.1987684816122055,
            0.19880063831806183,
            0.19885429739952087,
            0.19876433908939362,
            0.19876839220523834,
            0.19876453280448914,
            0.19877050817012787,
            0.19876714050769806,
            0.19876666367053986,
            0.19876311719417572,
            0.19877497851848602,
            0.19881370663642883,
            0.1987747848033905,
            0.1987675130367279,
            0.19876781105995178
          ],
          "learning_rate": [
            0.00009999999747378752,
            0.00009999999747378752,
            0.00009999999747378752,
            0.00009999999747378752,
            0.00009999999747378752,
            0.00009999999747378752,
            0.00009999999747378752,
            0.00009999999747378752,
            0.00009999999747378752,
            0.00009999999747378752,
            0.00009999999747378752,
            0.00009999999747378752,
            0.00009999999747378752,
            0.00009999999747378752,
            0.00009999999747378752,
            0.00009999999747378752,
            0.000009999999747378752,
            0.000009999999747378752,
            0.000009999999747378752,
            0.000009999999747378752,
            0.000009999999747378752,
            0.000009999999747378752,
            9.999999974752427e-7,
            9.999999974752427e-7,
            9.999999974752427e-7,
            9.999999974752427e-7,
            1.0000000116860974e-7,
            1.0000000116860974e-7,
            1.0000000116860974e-7,
            9.99999993922529e-9,
            9.99999993922529e-9,
            9.99999993922529e-9,
            9.999999717180685e-10,
            9.999999717180685e-10,
            9.999999717180685e-10,
            9.999999439624929e-11,
            9.999999439624929e-11,
            9.999999439624929e-11,
            9.999999092680234e-12,
            9.999999092680234e-12
          ]
        },
        "epochs": 40,
        "final_test_metrics": {
          "loss": 0.23473301529884338,
          "accuracy": 0.982951283454895,
          "eer": 0.02682619647355171
        }
      }
    },
    {
      "config": {
        "filtering_params": {
          "data_map_path": "data_maps/CASIA_FASD_V3_50percent_uniformSampling.json",
          "keep_ratio": 0.5,
          "filter_function": "uniform_sampling"
        },
        "data_params": {
          "dataset_path": "/kaggle/input/datasets/maameri/visual-computing-thesis-data/DATA",
          "input_size": [
            224,
            224,
            3
          ],
          "pixel_range": [
            0,
            1
          ],
          "batch_size": 16,
          "validation_subjects_number": 0,
          "get_random_subjects_for_validation": 1,
          "validation_dataset_baleance": 0
        },
        "augmentation_params": {
          "rotation_range": 0.15,
          "horizontal_flip": 1,
          "brightness_range": [
            0.7,
            1.3
          ],
          "zoom_range": 0.15
        },
        "model_params": {
          "model_init_function": "build_resnet50v2_hsv_rgb_grayscale_lbp",
          "architecture": "resNet50V2_FASD_HSV_RGB_Grayscale_LBP",
          "parameters_count": 23579393,
          "note": null,
          "label_smoothing": 0.1
        },
        "training_params": {
          "early_stopping_patience": 10,
          "learning_rate": 0.0001,
          "initial_epochs": 40,
          "ReduceLROnPlateau_patience": 3,
          "ReduceLROnPlateau_factor": 0.1
        }
      },
      "logs": {
        "best_model_name": "experiment_036_20260427-020138_1_model_resNet50V2_FASD_HSV_RGB_Grayscale_LBP.keras",