{
  "metadata": {
    "experiment_id": "experiment_072_20260502-180522",
    "status": "completed",
    "notes": " resnet50v2_rgb_v4 448 image res"
  },
  "records": [
    {
      "config": {
        "filtering_params": {
          "data_map_path": "data_maps/CASIA_FASD_V3_50percent_uniformSampling.json",
          "keep_ratio": 0.5,
          "filter_function": "uniform_sampling"
        },
        "data_params": {
          "dataset_path": "/kaggle/input/datasets/maameri/visual-computing-thesis-data/DATA",
          "input_size": [
            448,
            448,
            3
          ],
          "pixel_range": [
            0,
            1
          ],
          "batch_size": 16,
          "validation_subjects_number": 0,
          "get_random_subjects_for_validation": 1,
          "validation_dataset_baleance": 1
        },
        "augmentation_params": {
          "rotation_range": 0.15,
          "horizontal_flip": 1,
          "brightness_delta": 0.1,
          "zoom_range": [
            0.85,
            1
          ]
        },
        "model_params": {
          "model_init_function": "build_resnet50v2_rgb_v4",
          "architecture": "resNet50V2_FASD_RGB_V4",
          "parameters_count": 1434113,
          "note": null,
          "label_smoothing": 0.1,
          "isFocalLoss": 0,
          "focal_alpha": 0.25,
          "focal_gamma": 2,
          "apply_class_balancing": 0
        },
        "training_params": {
          "early_stopping_patience": 10,
          "learning_rate": 0.0001,
          "initial_epochs": 80,
          "ReduceLROnPlateau_patience": 3,
          "ReduceLROnPlateau_factor": 0.1,
          "isAdamW": 0
        }
      },
      "logs": {
        "best_model_name": "experiment_072_20260502-180522_0_model_resNet50V2_FASD_RGB_V4.keras",
        "training_history": {
          "accuracy": [
            0.9490268230438232,
            0.9971567392349243,
            0.9989447593688965,
            0.9987689256668091,
            0.9994430541992188,
            0.9995310306549072,
            0.9999120831489563,
            0.9999120831489563,
            0.9999120831489563,
            0.9999120831489563,
            0.9998534321784973,
            1,
            0.9998241066932678,
            0.999941349029541,
            0.999941349029541,
            1,
            0.9998241066932678,
            0.9998534321784973,
            0.9999706745147705,
            0.9999706745147705,
            0.9999706745147705,
            1,
            1,
            1,
            1,
            1,
            1,
            1,
            1,
            1,
            1,
            1,
            1,
            1,
            1,
            1,
            1,
            1,
            1,
            1,
            1,
            1,
            1,
            1,
            1,
            1
          ],
          "eer": [
            0,
            0,
            0,
            0,
            0,
            0,
            0,
            0,
            0,
            0,
            0,
            0,
            0,
            0,
            0,
            0,
            0,
            0,
            0,
            0,
            0,
            0,
            0,
            0,
            0,
            0,
            0,
            0,
            0,
            0,
            0,
            0,
            0,
            0,
            0,
            0,
            0,
            0,
            0,
            0,
            0,
            0,
            0,
            0,
            0,
            0
          ],
          "loss": [
            0.31368324160575867,
            0.2245173454284668,
            0.21712037920951843,
            0.2138754427433014,
            0.21096768975257874,
            0.20842280983924866,
            0.20605632662773132,
            0.2058207392692566,
            0.20465487241744995,
            0.2045641839504242,
            0.20432905852794647,
            0.20304511487483978,
            0.20387504994869232,
            0.20287293195724487,
            0.20264893770217896,
            0.20255745947360992,
            0.20267987251281738,
            0.2025676667690277,
            0.20159173011779785,
            0.20145364105701447,
            0.20143374800682068,
            0.20135143399238586,
            0.20136524736881256,
            0.20134572684764862,
            0.20126789808273315,
            0.20124390721321106,
            0.20123013854026794,
            0.20125502347946167,
            0.20119860768318176,
            0.2011905312538147,
            0.20123185217380524,
            0.201232448220253,
            0.20123867690563202,
            0.20122332870960236,
            0.20122864842414856,
            0.2011815458536148,
            0.201229065656662,
            0.20118831098079681,
            0.20123480260372162,
            0.20121482014656067,
            0.2011876106262207,
            0.20121659338474274,
            0.20118872821331024,
            0.20118384063243866,
            0.2011987715959549,
            0.20123086869716644
          ],
          "learning_rate": [
            0.00009999999747378752,
            0.00009999999747378752,
            0.00009999999747378752,
            0.00009999999747378752,
            0.00009999999747378752,
            0.00009999999747378752,
            0.00009999999747378752,
            0.00009999999747378752,
            0.00009999999747378752,
            0.00009999999747378752,
            0.00009999999747378752,
            0.00009999999747378752,
            0.00009999999747378752,
            0.00009999999747378752,
            0.00009999999747378752,
            0.00009999999747378752,
            0.00009999999747378752,
            0.00009999999747378752,
            0.000009999999747378752,
            0.000009999999747378752,
            0.000009999999747378752,
            0.000009999999747378752,
            0.000009999999747378752,
            0.000009999999747378752,
            0.000009999999747378752,
            9.999999974752427e-7,
            9.999999974752427e-7,
            9.999999974752427e-7,
            9.999999974752427e-7,
            1.0000000116860974e-7,
            1.0000000116860974e-7,
            1.0000000116860974e-7,
            9.99999993922529e-9,
            9.99999993922529e-9,
            9.99999993922529e-9,
            9.999999717180685e-10,
            9.999999717180685e-10,
            9.999999717180685e-10,
            9.999999439624929e-11,
            9.999999439624929e-11,
            9.999999439624929e-11,
            9.999999092680234e-12,
            9.999999092680234e-12,
            9.999999092680234e-12,
            9.9999988758398e-13,
            9.9999988758398e-13
          ]
        },
        "epochs": 46,
        "final_test_metrics": {
          "loss": 0.2329133152961731,
          "accuracy": 0.9769537448883057,
          "eer": 0.023768418517369296
        }
      }
    }
  ]
}