{
  "metadata": {
    "experiment_id": "experiment_048_20260429-111919",
    "status": "completed",
    "notes": " try vision transformers "
  },
  "records": [
    {
      "config": {
        "filtering_params": {
          "data_map_path": "data_maps/CASIA_FASD_V3_50percent_uniformSampling.json",
          "keep_ratio": 0.5,
          "filter_function": "uniform_sampling"
        },
        "data_params": {
          "dataset_path": "/kaggle/input/datasets/maameri/visual-computing-thesis-data/DATA",
          "input_size": [
            224,
            224,
            3
          ],
          "pixel_range": [
            0,
            1
          ],
          "batch_size": 16,
          "validation_subjects_number": 0,
          "get_random_subjects_for_validation": 1,
          "validation_dataset_baleance": 0
        },
        "augmentation_params": {
          "rotation_range": 0.15,
          "horizontal_flip": 1,
          "brightness_range": [
            0.7,
            1.3
          ],
          "zoom_range": 0.15
        },
        "model_params": {
          "model_init_function": "build_ultimate_fasd_v6",
          "architecture": "FASD_Zero_EER_Candidate",
          "parameters_count": 5418241,
          "note": null
        },
        "training_params": {
          "early_stopping_patience": 30,
          "learning_rate": 0.001,
          "initial_epochs": 100,
          "ReduceLROnPlateau_patience": 4,
          "ReduceLROnPlateau_factor": 0.1
        }
      },
      "logs": {
        "best_model_name": "experiment_048_20260429-111919_0_model_FASD_Zero_EER_Candidate.keras",
        "training_history": {
          "accuracy": [
            0.9482354521751404,
            0.9849337339401245,
            0.9899753928184509,
            0.9924668669700623,
            0.9931996464729309,
            0.9939910769462585,
            0.9948997497558594,
            0.9967756867408752,
            0.9953394532203674,
            0.9969515800476074,
            0.9968343377113342,
            0.9971274733543396,
            0.997303307056427,
            0.9970394968986511,
            0.9975671172142029,
            0.9979188442230225,
            0.9983585476875305,
            0.9971567392349243,
            0.9984464645385742,
            0.9979774951934814,
            0.9980068206787109,
            0.9982413053512573,
            0.9982119798660278,
            0.9990913271903992,
            0.9993844628334045,
            0.9995310306549072,
            0.9995310306549072,
            0.9997361898422241,
            0.9998534321784973,
            0.9997361898422241,
            0.999413788318634,
            0.9997655153274536,
            0.9998534321784973,
            0.9997948408126831,
            0.9997655153274536,
            0.9997655153274536,
            0.9998241066932678,
            0.9998241066932678,
            0.9997655153274536,
            0.9998241066932678,
            0.9998827576637268,
            0.9998534321784973,
            0.9998534321784973,
            0.9998241066932678,
            0.9998827576637268,
            0.9998534321784973,
            0.9997068643569946,
            0.9998827576637268,
            0.9999120831489563,
            0.9997655153274536,
            0.9997948408126831,
            0.9997948408126831,
            0.9998827576637268,
            0.9997948408126831,
            0.9997068643569946,
            0.9998241066932678,
            0.9998534321784973,
            0.9997361898422241,
            0.9998241066932678,
            0.9998241066932678,
            0.9998827576637268,
            0.9997361898422241,
            0.9997948408126831,
            0.9999706745147705,
            0.9997655153274536,
            0.9997655153274536,
            0.9997655153274536,
            0.9997361898422241,
            0.9997361898422241,
            0.9996775984764099,
            0.9996775984764099,
            0.9997068643569946,
            0.9996482729911804,
            0.9997948408126831,
            0.9998827576637268,
            0.9998534321784973,
            0.9996775984764099,
            0.9996775984764099,
            0.9998241066932678,
            0.999941349029541,
            0.9999120831489563,
            0.9996482729911804,
            0.9998241066932678,
            0.9998241066932678,
            0.9999120831489563,
            0.9997068643569946,
            0.9998241066932678,
            0.9997361898422241,
            0.9998241066932678,
            0.9998241066932678,
            0.9997948408126831,
            0.9999120831489563,
            0.9997361898422241,
            0.9997655153274536
          ],
          "eer": [
            0,
            0,
            0,
            0,
            0,
            0,
            0,
            0,
            0,
            0,
            0,
            0,
            0,
            0,
            0,
            0,
            0,
            0,
            0,
            0,
            0,
            0,
            0,
            0,
            0,
            0,
            0,
            0,
            0,
            0,
            0,
            0,
            0,
            0,
            0,
            0,
            0,
            0,
            0,
            0,
            0,
            0,
            0,
            0,
            0,
            0,
            0,
            0,
            0,
            0,
            0,
            0,
            0,
            0,
            0,
            0,
            0,
            0,
            0,
            0,
            0,
            0,
            0,
            0,
            0,
            0,
            0,
            0,
            0,
            0,
            0,
            0,
            0,
            0,
            0,
            0,
            0,
            0,
            0,
            0,
            0,
            0,
            0,
            0,
            0,
            0,
            0,
            0,
            0,
            0,
            0,
            0,
            0,
            0
          ],