{
  "metadata": {
    "experiment_id": "experiment_015_20260419-193056",
    "status": "completed",
    "notes": " mc_resnet_rgb_hsv long trainging with slitly heighter initial LR"
  },
  "records": [
    {
      "config": {
        "filtering_params": {
          "data_map_path": "data_maps/CASIA_FASD_V3_10percent_uniformSampling.json",
          "keep_ratio": 0.1,
          "filter_function": "uniform_sampling"
        },
        "data_params": {
          "dataset_path": "/kaggle/input/datasets/maameri/visual-computing-thesis-data/DATA",
          "input_size": [
            224,
            224,
            3
          ],
          "pixel_range": [
            0,
            1
          ],
          "batch_size": 32,
          "validation_subjects_number": 5,
          "get_random_subjects_for_validation": 1,
          "validation_dataset_baleance": 1
        },
        "augmentation_params": {
          "rotation_range": 0.15,
          "horizontal_flip": 1,
          "brightness_range": [
            0.7,
            1.3
          ],
          "zoom_range": 0.15
        },
        "model_params": {
          "model_init_function": "mc_resnet_rgb_hsv",
          "architecture": "MC-ResNet-RGB-HSV",
          "parameters_count": 392504,
          "note": null
        },
        "training_params": {
          "early_stopping_patience": 8,
          "learning_rate": 0.0001,
          "initial_epochs": 80,
          "ReduceLROnPlateau_patience": 4,
          "ReduceLROnPlateau_factor": 0.1
        }
      },
      "logs": {
        "best_model_name": "experiment_015_20260419-193056_0_model_MC-ResNet-RGB-HSV.keras",
        "training_history": {
          "accuracy": [
            0.7431800365447998,
            0.9327747225761414,
            0.9583008289337158,
            0.966484785079956,
            0.9840218424797058,
            0.9910366535186768,
            0.9863600730895996,
            0.9922057390213013,
            0.9943491816520691,
            0.991621196269989,
            0.9933748841285706,
            0.9970771670341492,
            0.99863600730896,
            0.9990257024765015,
            0.9990257024765015,
            0.99863600730896,
            0.9988308548927307,
            0.9984411597251892,
            0.9988308548927307,
            0.9996103048324585,
            0.9996103048324585,
            0.9998051524162292,
            0.9998051524162292,
            0.9990257024765015,
            0.9992205500602722,
            0.9988308548927307,
            0.9992205500602722,
            1,
            0.9988308548927307,
            0.9998051524162292,
            0.9992205500602722,
            0.9994154572486877,
            0.9978565573692322,
            0.9994154572486877,
            0.9988308548927307,
            0.9992205500602722,
            0.9990257024765015,
            0.9992205500602722,
            0.9998051524162292,
            0.9990257024765015,
            0.9990257024765015,
            0.9994154572486877,
            0.9996103048324585,
            0.9990257024765015,
            0.9998051524162292,
            0.99863600730896,
            0.9992205500602722,
            0.9992205500602722
          ],
          "eer": [
            0,
            0,
            0,
            0,
            0,
            0,
            0,
            0,
            0,
            0,
            0,
            0,
            0,
            0,
            0,
            0,
            0,
            0,
            0,
            0,
            0,
            0,
            0,
            0,
            0,
            0,
            0,
            0,
            0,
            0,
            0,
            0,
            0,
            0,
            0,
            0,
            0,
            0,
            0,
            0,
            0,
            0,
            0,
            0,
            0,
            0,
            0,
            0
          ],
          "loss": [
            2.81998610496521,
            2.038698196411133,
            1.6321419477462769,
            1.3444843292236328,
            1.0947203636169434,
            0.9134718179702759,
            0.797415018081665,
            0.6770123839378357,
            0.5905451774597168,
            0.5297089219093323,
            0.4665893614292145,
            0.42614665627479553,
            0.4190773665904999,
            0.4119982123374939,
            0.4061221182346344,
            0.40114712715148926,
            0.39320117235183716,
            0.3908672332763672,
            0.38976359367370605,
            0.3878760039806366,
            0.38634198904037476,
            0.3861103057861328,
            0.3859248757362366,
            0.38718825578689575,
            0.38669276237487793,
            0.3868335783481598,
            0.38687971234321594,
            0.3856503963470459,
            0.38667505979537964,
            0.3859120011329651,
            0.3861209452152252,
            0.38639819622039795,
            0.38917580246925354,
            0.38615134358406067,
            0.38642066717147827,
            0.3857101500034332,
            0.3862217962741852,
            0.38655388355255127,
            0.38610243797302246,
            0.3868027925491333,
            0.38622796535491943,
            0.38591063022613525,
            0.3860250413417816,
            0.3868334889411926,
            0.38656553626060486,
            0.3863210678100586,
            0.3857513666152954,
            0.3860871195793152
          ],
          "val_eer": [
            0.3645484949837849,
            0.41802388707925087,
            0.2531779661016949,
            0.02287581699335229,
            0.017524644031411542,
            0.011013215859626035,
            0.004459308806988782,
            0.013422818792094665,
            0.016629711751877208,
            0.017505470459269284,
            0.012276785713715849,
            0.00650759219088784,
            0.004347826087915297,
            0.00655737704876471,
            0.005549389567666345,
            0.005518763797304963,
            0.00553709856102028,
            0.005636978580451545,
            0.005494505493891022,
            0.004376367616009291,
            0.004310344828130134,
            0.005586592178278977,
            0.004449388209792963,
            0.004469273743820363,
            0.004381161007974534,
            0.004454342985206241,
            0.004405286343927334,
            0.0042689434376015,
            0.0043956043960250175,
            0.004499437571436405,
            0.004301075270506256,
            0.004444444445488957,
            0.004550625712783904,
            0.004287245444939819,
            0.004255319149989555,
            0.005605381165211323,
            0.004324324324477654,
            0.004338394795319699,
            0.0043196544280599295,
            0.004197271773997146,
            0.004329004329105109,
            0.004400440044464809,
            0.00440528634478521,
            0.004291845494350401,
            0.004405286343927334,
            0.004287245444939819,
            0.004390779363642966,
            0.004514672686903321
          ],