{
  "metadata": {
    "experiment_id": "experiment_028_20260422-123316",
    "status": "completed",
    "notes": " "
  },
  "records": [
    {
      "config": {
        "filtering_params": {
          "data_map_path": "data_maps/CASIA_FASD_V3_50percent_uniformSampling.json",
          "keep_ratio": 0.5,
          "filter_function": "uniform_sampling"
        },
        "data_params": {
          "dataset_path": "/kaggle/input/datasets/maameri/visual-computing-thesis-data/DATA",
          "input_size": [
            224,
            224,
            3
          ],
          "pixel_range": [
            0,
            1
          ],
          "batch_size": 16,
          "validation_subjects_number": 0,
          "get_random_subjects_for_validation": 1,
          "validation_dataset_baleance": 0
        },
        "augmentation_params": {
          "rotation_range": 0.15,
          "horizontal_flip": 1,
          "brightness_range": [
            0.7,
            1.3
          ],
          "zoom_range": 0.15
        },
        "model_params": {
          "model_init_function": "build_resnet50v2_hsv_rgb",
          "architecture": "resNet50V2_FASD_HSV_RGB",
          "parameters_count": 23576257,
          "note": null
        },
        "training_params": {
          "early_stopping_patience": 10,
          "learning_rate": 0.0001,
          "initial_epochs": 40,
          "ReduceLROnPlateau_patience": 3,
          "ReduceLROnPlateau_factor": 0.05
        }
      },
      "logs": {
        "best_model_name": "experiment_028_20260422-123316_0_model_resNet50V2_FASD_HSV_RGB.keras",
        "training_history": {
          "accuracy": [
            0.9630964994430542,
            0.9922030568122864,
            0.9936686754226685,
            0.9956618547439575,
            0.9968929290771484,
            0.997948169708252,
            0.9976257681846619,
            0.9983585476875305,
            0.9983585476875305,
            0.9991499781608582,
            0.9992378950119019,
            0.9992085695266724,
            0.9989154934883118,
            0.9987981915473938,
            0.9998827576637268,
            0.9998241066932678,
            0.9998534321784973,
            0.9999706745147705,
            1,
            1,
            0.9999706745147705,
            0.9999706745147705,
            0.9999706745147705,
            1,
            1,
            0.9999706745147705,
            1,
            0.999941349029541,
            1,
            1,
            1,
            0.9999706745147705,
            1,
            0.9998534321784973,
            1,
            1,
            1,
            1,
            0.9999706745147705,
            1
          ],
          "eer": [
            0,
            0,
            0,
            0,
            0,
            0,
            0,
            0,
            0,
            0,
            0,
            0,
            0,
            0,
            0,
            0,
            0,
            0,
            0,
            0,
            0,
            0,
            0,
            0,
            0,
            0,
            0,
            0,
            0,
            0,
            0,
            0,
            0,
            0,
            0,
            0,
            0,
            0,
            0,
            0
          ],
          "loss": [
            0.09637700021266937,
            0.02286837436258793,
            0.018250679597258568,
            0.012969217263162136,
            0.009187312796711922,
            0.008239139802753925,
            0.008192962035536766,
            0.006026288028806448,
            0.005972145590931177,
            0.0032481271773576736,
            0.002688221400603652,
            0.002656977390870452,
            0.0035190710332244635,
            0.004391079768538475,
            0.0006684904219582677,
            0.000498113629873842,
            0.0004945352557115257,
            0.00020218155987095088,
            0.000125110091175884,
            0.0000636641780147329,
            0.0001190983530250378,
            0.00011253805132582784,
            0.0000917197612579912,
            0.00006770215259166434,
            0.0000407884108426515,
            0.00008313601574627683,
            0.00005186163616599515,
            0.00026438053464517,
            0.00007383255433524027,
            0.000048554375098319724,
            0.000032693402317818254,
            0.00009040762961376458,
            0.00006092562762205489,
            0.0009793266654014587,
            0.00005274323848425411,
            0.000038109988963697106,
            0.00004533259925665334,
            0.0000634714524494484,
            0.00008293575956486166,
            0.00003872062734444626
          ],
          "learning_rate": [
            0.00009999999747378752,
            0.00009999999747378752,
            0.00009999999747378752,
            0.00009999999747378752,
            0.00009999999747378752,
            0.00009999999747378752,
            0.00009999999747378752,
            0.00009999999747378752,
            0.00009999999747378752,
            0.00009999999747378752,
            0.00009999999747378752,
            0.00009999999747378752,
            0.00009999999747378752,
            0.00009999999747378752,
            0.000004999999873689376,
            0.000004999999873689376,
            0.000004999999873689376,
            0.000004999999873689376,
            0.000004999999873689376,
            0.000004999999873689376,
            0.000004999999873689376,
            0.000004999999873689376,
            0.000004999999873689376,
            2.499999993688107e-7,
            2.499999993688107e-7,
            2.499999993688107e-7,
            1.2500000146076218e-8,
            1.2500000146076218e-8,
            1.2500000146076218e-8,
            6.249999962015806e-10,
            6.249999962015806e-10,
            6.249999962015806e-10,
            3.124999911618964e-11,
            3.124999911618964e-11,
            3.124999911618964e-11,
            1.5624999124413952e-12,
            1.5624999124413952e-12,
            1.5624999124413952e-12,
            7.812499291156433e-14,
            7.812499291156433e-14
          ]
        },
        "epochs": 40,
        "final_test_metrics": {
          "loss": 0.18528927862644196,
          "accuracy": 0.9766188859939575,
          "eer": 0.02204030226717037
        }
      }
    }
  ]
}