{
  "metadata": {
    "experiment_id": "experiment_043_20260427-154210",
    "status": "completed",
    "notes": " "
  },
  "records": [
    {
      "config": {
        "filtering_params": {
          "data_map_path": "data_maps/CASIA_FASD_V3_50percent_uniformSampling.json",
          "keep_ratio": 0.5,
          "filter_function": "uniform_sampling"
        },
        "data_params": {
          "dataset_path": "/kaggle/input/datasets/maameri/visual-computing-thesis-data/DATA",
          "input_size": [
            224,
            224,
            3
          ],
          "pixel_range": [
            0,
            1
          ],
          "batch_size": 16,
          "validation_subjects_number": 0,
          "get_random_subjects_for_validation": 1,
          "validation_dataset_baleance": 0
        },
        "augmentation_params": {
          "rotation_range": 0.15,
          "horizontal_flip": 1,
          "brightness_range": [
            0.7,
            1.3
          ],
          "zoom_range": 0.15
        },
        "model_params": {
          "model_init_function": "build_resnet50v2_hsv_v4",
          "architecture": "resNet50V2_FASD_HSV_V4",
          "parameters_count": 1434113,
          "note": null,
          "label_smoothing": 0.1
        },
        "training_params": {
          "early_stopping_patience": 10,
          "learning_rate": 0.0001,
          "initial_epochs": 50,
          "ReduceLROnPlateau_patience": 3,
          "ReduceLROnPlateau_factor": 0.1
        }
      },
      "logs": {
        "best_model_name": "experiment_043_20260427-154210_0_model_resNet50V2_FASD_HSV_V4.keras",
        "training_history": {
          "accuracy": [
            0.9539512395858765,
            0.9991206526756287,
            0.9995896220207214,
            0.9995017051696777,
            0.9996775984764099,
            0.9987689256668091,
            0.9995017051696777,
            0.9998534321784973,
            0.9997361898422241,
            0.9997948408126831,
            0.9997948408126831,
            0.9999120831489563,
            0.9997948408126831,
            0.9996775984764099,
            0.9998827576637268,
            0.9999706745147705,
            0.9997655153274536,
            0.9999706745147705,
            0.9998827576637268,
            1,
            0.9999120831489563,
            0.9996482729911804,
            0.9999706745147705,
            1,
            1,
            1,
            1,
            1,
            1,
            1,
            1,
            1,
            1,
            1,
            1,
            1,
            1,
            1,
            1,
            1,
            1,
            1,
            1,
            1,
            1,
            1,
            1,
            1,
            1,
            1
          ],
          "eer": [
            0,
            0,
            0,
            0,
            0,
            0,
            0,
            0,
            0,
            0,
            0,
            0,
            0,
            0,
            0,
            0,
            0,
            0,
            0,
            0,
            0,
            0,
            0,
            0,
            0,
            0,
            0,
            0,
            0,
            0,
            0,
            0,
            0,
            0,
            0,
            0,
            0,
            0,
            0,
            0,
            0,
            0,
            0,
            0,
            0,
            0,
            0,
            0,
            0,
            0
          ],
          "loss": [
            0.293500155210495,
            0.21503734588623047,
            0.21008189022541046,
            0.20812006294727325,
            0.20591463148593903,
            0.206771120429039,
            0.2049153447151184,
            0.20355026423931122,
            0.2038574069738388,
            0.20311962068080902,
            0.20298142731189728,
            0.20275212824344635,
            0.20269174873828888,
            0.2027963548898697,
            0.20209097862243652,
            0.20215514302253723,
            0.20253682136535645,
            0.20187495648860931,
            0.20208409428596497,
            0.20161347091197968,
            0.20192447304725647,
            0.20242230594158173,
            0.20165656507015228,
            0.20140911638736725,
            0.20132720470428467,
            0.20128054916858673,
            0.2012428343296051,
            0.20129308104515076,
            0.20123448967933655,
            0.20119608938694,
            0.201193705201149,
            0.2012389600276947,
            0.2011999636888504,
            0.20118623971939087,
            0.201235830783844,
            0.20120105147361755,
            0.2011891007423401,
            0.20120495557785034,
            0.20120669901371002,
            0.20119741559028625,
            0.2011982947587967,
            0.20117579400539398,
            0.20117345452308655,
            0.2012190967798233,
            0.2011878937482834,
            0.20119903981685638,
            0.20118528604507446,
            0.2011689841747284,
            0.20118165016174316,
            0.20119066536426544
          ],
          "learning_rate": [
            0.00009999999747378752,
            0.00009999999747378752,
            0.00009999999747378752,
            0.00009999999747378752,
            0.00009999999747378752,
            0.00009999999747378752,
            0.00009999999747378752,
            0.00009999999747378752,
            0.00009999999747378752,
            0.00009999999747378752,
            0.00009999999747378752,
            0.00009999999747378752,
            0.00009999999747378752,
            0.00009999999747378752,
            0.00009999999747378752,
            0.00009999999747378752,
            0.00009999999747378752,
            0.00009999999747378752,
            0.00009999999747378752,
            0.00009999999747378752,
            0.00009999999747378752,
            0.00009999999747378752,
            0.00009999999747378752,
            0.000009999999747378752,
            0.000009999999747378752,
            0.000009999999747378752,
            0.000009999999747378752,
            0.000009999999747378752,
            0.000009999999747378752,
            9.999999974752427e-7,
            9.999999974752427e-7,
            9.999999974752427e-7,
            1.0000000116860974e-7,
            1.0000000116860974e-7,
            1.0000000116860974e-7,
            9.99999993922529e-9,
            9.99999993922529e-9,
            9.99999993922529e-9,
            9.999999717180685e-10,
            9.999999717180685e-10,
            9.999999717180685e-10,
            9.999999439624929e-11,
            9.999999439624929e-11,
            9.999999439624929e-11,
            9.999999439624929e-11,
            9.999999092680234e-12,
            9.999999092680234e-12,
            9.999999092680234e-12,
            9.9999988758398e-13,
            9.9999988758398e-13
          ]
        },
        "epochs": 50,
        "final_test_metrics": {
          "loss": 0.2317863255739212,
          "accuracy": 0.982707679271698,
          "eer": 0.026448362720399944
        }
      }
    }
  ]
}