{
  "metadata": {
    "experiment_id": "experiment_052_20260430-013458",
    "status": "completed",
    "notes": " test pure ViT vs resnet attention "
  },
  "records": [
    {
      "config": {
        "filtering_params": {
          "data_map_path": "data_maps/CASIA_FASD_V3_50percent_uniformSampling.json",
          "keep_ratio": 0.5,
          "filter_function": "uniform_sampling"
        },
        "data_params": {
          "dataset_path": "/kaggle/input/datasets/maameri/visual-computing-thesis-data/DATA",
          "input_size": [
            224,
            224,
            3
          ],
          "pixel_range": [
            0,
            1
          ],
          "batch_size": 16,
          "validation_subjects_number": 0,
          "get_random_subjects_for_validation": 1,
          "validation_dataset_baleance": 0
        },
        "augmentation_params": {
          "rotation_range": 0.15,
          "horizontal_flip": 1,
          "brightness_range": [
            0.7,
            1.3
          ],
          "zoom_range": 0.15
        },
        "model_params": {
          "model_init_function": "build_pure_vit_fasd",
          "architecture": "Pure_ViT_FASD",
          "parameters_count": 4447233,
          "note": null,
          "label_smoothing": 0.1,
          "isFocalLoss": 0,
          "focal_alpha": 0.25,
          "focal_gamma": 2,
          "apply_class_balancing": 0
        },
        "training_params": {
          "early_stopping_patience": 10,
          "learning_rate": 0.0001,
          "initial_epochs": 80,
          "ReduceLROnPlateau_patience": 4,
          "ReduceLROnPlateau_factor": 0.1,
          "isAdamW": 1
        }
      },
      "logs": {
        "best_model_name": "experiment_052_20260430-013458_0_model_Pure_ViT_FASD.keras",
        "training_history": {
          "accuracy": [
            0.7389201521873474,
            0.9449232220649719,
            0.9750556945800781,
            0.9841716289520264,
            0.9890373945236206,
            0.9908840656280518,
            0.9918806552886963,
            0.9931410551071167,
            0.9932582974433899,
            0.9943135380744934,
            0.9945773482322693,
            0.9961308240890503,
            0.9951635599136353,
            0.9957497715950012,
            0.9965705275535583,
            0.9977430105209351,
            0.9964532852172852,
            0.9974792003631592,
            0.9966291189193726,
            0.99838787317276,
            0.997361958026886,
            0.9978309273719788,
            0.9984171390533447,
            0.997948169708252,
            0.9997361898422241,
            0.9996482729911804,
            0.9997948408126831,
            0.9999706745147705,
            0.9997655153274536,
            0.9998827576637268,
            0.9998534321784973,
            0.999941349029541,
            1,
            0.9999706745147705,
            1,
            0.9999706745147705,
            0.9999706745147705,
            1,
            1,
            1,
            0.999941349029541,
            1,
            0.9999706745147705,
            1,
            0.9999120831489563,
            0.9999706745147705,
            1,
            0.9999706745147705,
            1,
            0.9999706745147705
          ],
          "eer": [
            0,
            0,
            0,
            0,
            0,
            0,
            0,
            0,
            0,
            0,
            0,
            0,
            0,
            0,
            0,
            0,
            0,
            0,
            0,
            0,
            0,
            0,
            0,
            0,
            0,
            0,
            0,
            0,
            0,
            0,
            0,
            0,
            0,
            0,
            0,
            0,
            0,
            0,
            0,
            0,
            0,
            0,
            0,
            0,
            0,
            0,
            0,
            0,
            0,
            0
          ],
          "loss": [
            0.5432841181755066,
            0.3004172146320343,
            0.25121238827705383,
            0.23425324261188507,
            0.22594298422336578,
            0.22134707868099213,
            0.21956881880760193,
            0.2169387936592102,
            0.21672512590885162,
            0.21426251530647278,
            0.21381084620952606,
            0.2113669514656067,
            0.21351301670074463,
            0.2112015336751938,
            0.209812730550766,
            0.20759427547454834,
            0.2098674476146698,
            0.20803417265415192,
            0.20950226485729218,
            0.20632325112819672,
            0.20856039226055145,
            0.20746783912181854,
            0.20634429156780243,
            0.20739297568798065,
            0.2038033902645111,
            0.20380206406116486,
            0.20346719026565552,
            0.20322948694229126,
            0.20339855551719666,
            0.20329514145851135,
            0.20331476628780365,
            0.20327521860599518,
            0.20309467613697052,
            0.20319834351539612,
            0.20315232872962952,
            0.20309309661388397,
            0.20308838784694672,
            0.20309990644454956,
            0.20306675136089325,
            0.20300398766994476,
            0.20313967764377594,
            0.20309774577617645,
            0.2031204104423523,
            0.20315536856651306,
            0.20326372981071472,
            0.20325413346290588,
            0.20307904481887817,
            0.20308917760849,
            0.203070268034935,
            0.2031535655260086
          ],
          "learning_rate": [
            0.00009999999747378752,
            0.00009999999747378752,
            0.00009999999747378752,
            0.00009999999747378752,
            0.00009999999747378752,
            0.00009999999747378752,
            0.00009999999747378752,
            0.00009999999747378752,
            0.00009999999747378752,
            0.00009999999747378752,
            0.00009999999747378752,
            0.00009999999747378752,
            0.00009999999747378752,
            0.00009999999747378752,
            0.00009999999747378752,
            0.00009999999747378752,
            0.00009999999747378752,
            0.00009999999747378752,
            0.00009999999747378752,
            0.00009999999747378752,
            0.00009999999747378752,
            0.00009999999747378752,
            0.00009999999747378752,
            0.00009999999747378752,
            0.000009999999747378752,
            0.000009999999747378752,
            0.000009999999747378752,
            0.000009999999747378752,
            0.000009999999747378752,
            0.000009999999747378752,
            0.000009999999747378752,
            0.000009999999747378752,
            9.999999974752427e-7,
            9.999999974752427e-7,
            9.999999974752427e-7,
            9.999999974752427e-7,
            9.999999974752427e-7,
            1.0000000116860974e-7,
            1.0000000116860974e-7,
            1.0000000116860974e-7,
            1.0000000116860974e-7,
            9.99999993922529e-9,
            9.99999993922529e-9,
            9.99999993922529e-9,
            9.99999993922529e-9,
            9.999999717180685e-10,
            9.999999717180685e-10,
            9.999999717180685e-10,
            9.999999717180685e-10,
            9.999999439624929e-11
          ]
        },
        "epochs": 50,
        "final_test_metrics": {
          "loss": 0.27443480491638184,
          "accuracy": 0.9673638343811035,
          "eer": 0.04294710327467519
        }
      }
    },
    {
      "config": {
        "filtering_params": {
          "data_map_path": "data_maps/CASIA_FASD_V3_50percent_uniformSampling.json",
          "keep_ratio": 0.5,
          "filter_function": "uniform_sampling"
        },