{
  "metadata": {
    "experiment_id": "experiment_020_20260420-214858",
    "status": "completed",
    "notes": " "
  },
  "records": [
    {
      "config": {
        "filtering_params": {
          "data_map_path": "data_maps/CASIA_FASD_V3_50percent_uniformSampling.json",
          "keep_ratio": 0.5,
          "filter_function": "uniform_sampling"
        },
        "data_params": {
          "dataset_path": "/kaggle/input/datasets/maameri/visual-computing-thesis-data/DATA",
          "input_size": [
            224,
            224,
            3
          ],
          "pixel_range": [
            0,
            1
          ],
          "batch_size": 32,
          "validation_subjects_number": 5,
          "get_random_subjects_for_validation": 1,
          "validation_dataset_baleance": 1
        },
        "augmentation_params": {
          "rotation_range": 0.15,
          "horizontal_flip": 1,
          "brightness_range": [
            0.7,
            1.3
          ],
          "zoom_range": 0.15
        },
        "model_params": {
          "model_init_function": "build_improved_resnet50v2_multichannel_v2",
          "architecture": "Improved_ResNet50V2_MultiChannel_RGB_HSV",
          "parameters_count": 26198721,
          "note": null
        },
        "training_params": {
          "early_stopping_patience": 8,
          "learning_rate": 0.00001,
          "initial_epochs": 40,
          "ReduceLROnPlateau_patience": 4,
          "ReduceLROnPlateau_factor": 0.1
        }
      },
      "logs": {
        "best_model_name": "experiment_020_20260420-214858_0_model_Improved_ResNet50V2_MultiChannel_RGB_HSV.keras",
        "training_history": {
          "accuracy": [
            0.7997745275497437,
            0.9021223783493042,
            0.9431703090667725,
            0.9671927094459534,
            0.9758221507072449,
            0.9835186004638672,
            0.986861526966095,
            0.9899712204933167,
            0.9900490045547485,
            0.9933141469955444,
            0.9951410889625549,
            0.99619060754776,
            0.9959573745727539,
            0.9953354597091675,
            0.9965015649795532,
            0.9961517453193665,
            0.9959185123443604,
            0.9970846772193909,
            0.9971235394477844,
            0.9987561106681824,
            0.9991448521614075,
            0.999028205871582,
            0.9993391633033752,
            0.9991448521614075,
            0.9994169473648071,
            0.9994946718215942,
            0.9992614388465881,
            0.9993780851364136,
            0.9989504814147949,
            0.9992225766181946,
            0.9991448521614075
          ],
          "eer": [
            0,
            0,
            0,
            0,
            0,
            0,
            0,
            0,
            0,
            0,
            0,
            0,
            0,
            0,
            0,
            0,
            0,
            0,
            0,
            0,
            0,
            0,
            0,
            0,
            0,
            0,
            0,
            0,
            0,
            0,
            0
          ],
          "loss": [
            8.678069114685059,
            6.773387908935547,
            5.455892086029053,
            4.461522579193115,
            3.669373035430908,
            2.9935262203216553,
            2.4226222038269043,
            1.937461256980896,
            1.5373777151107788,
            1.2090150117874146,
            0.9428394436836243,
            0.731529712677002,
            0.5677189826965332,
            0.4438230097293854,
            0.34713029861450195,
            0.2762056589126587,
            0.22154508531093597,
            0.17606215178966522,
            0.1425747573375702,
            0.12309958040714264,
            0.11826598644256592,
            0.11503638327121735,
            0.11016868054866791,
            0.10616912692785263,
            0.10181654244661331,
            0.09718325734138489,
            0.09373787045478821,
            0.09129833430051804,
            0.09170527011156082,
            0.09066042304039001,
            0.09044203162193298
          ],
          "val_eer": [
            0.1318602993585175,
            0.07238413759996457,
            0.06871136471707079,
            0.0634619938433586,
            0.03324035332520903,
            0.04357142857088313,
            0.033044293414381504,
            0.024700070572007703,
            0.03505007153074848,
            0.022828900919460465,
            0.015482054890921967,
            0.024268379728765166,
            0.007600950119589033,
            0.044092978673138564,
            0.00715819613457448,
            0.013613565798901477,
            0.03862660944174532,
            0.016204272035354652,
            0.01703738760001037,
            0.007953723789128531,
            0.008319467554580243,
            0.006448531167900796,
            0.0047709923654351,
            0.008333333332720506,
            0.007845934378451928,
            0.0064408396935064964,
            0.007909875359539905,
            0.007936507936096727,
            0.00790419161719893,
            0.00841953331644307,
            0.007182188174075802
          ],
          "val_loss": [
            0.29590708017349243,
            0.20483222603797913,
            0.21144996583461761,
            0.1412820816040039,
            0.15285532176494598,
            0.1129765510559082,
            0.28681790828704834,
            0.10296333581209183,
            0.10349050909280777,
            0.1088118627667427,
            0.07334274798631668,
            0.20805957913398743,
            0.04504905268549919,
            0.12625254690647125,
            0.23192915320396423,
            0.3011729419231415,
            0.09197451919317245,
            0.4766078591346741,
            0.0471402183175087,
            0.04818914085626602,
            0.034608155488967896,
            0.07307420670986176,
            0.03266788646578789,
            0.035659752786159515,
            0.036266814917325974,
            0.03452742472290993,
            0.02457878552377224,
            0.03203394636511803,
            0.03216267377138138,
            0.048835575580596924,
            0.0345660001039505
          ],
          "val_accuracy": [
            0.8666269183158875,
            0.9038140773773193,
            0.9102503061294556,
            0.9365912079811096,
            0.9263408780097961,
            0.9493444561958313,
            0.8828366994857788,
            0.9581644535064697,
            0.9533969163894653,
            0.9510130882263184,
            0.9682955741882324,
            0.9414779543876648,
            0.9809296727180481,
            0.9535160660743713,
            0.9087008237838745,
            0.8930870294570923,
            0.9567341804504395,
            0.857806921005249,
            0.9822407364845276,
            0.97771155834198,
            0.9856972694396973,
            0.9644815325737,
            0.9851012825965881,
            0.9816448092460632,
            0.9814064502716064,
            0.98676997423172,
            0.9880810379981995,
            0.9862931966781616,
            0.9851012825965881,
            0.9769964218139648,
            0.9852204918861389
          ],