{
  "metadata": {
    "experiment_id": "experiment_036_20260427-004719",
    "status": "completed",
    "notes": " get mid features with hybrid pooling "
  },
  "records": [
    {
      "config": {
        "filtering_params": {
          "data_map_path": "data_maps/CASIA_FASD_V3_50percent_uniformSampling.json",
          "keep_ratio": 0.5,
          "filter_function": "uniform_sampling"
        },
        "data_params": {
          "dataset_path": "/kaggle/input/datasets/maameri/visual-computing-thesis-data/DATA",
          "input_size": [
            224,
            224,
            3
          ],
          "pixel_range": [
            0,
            1
          ],
          "batch_size": 16,
          "validation_subjects_number": 0,
          "get_random_subjects_for_validation": 1,
          "validation_dataset_baleance": 0
        },
        "augmentation_params": {
          "rotation_range": 0.15,
          "horizontal_flip": 1,
          "brightness_range": [
            0.7,
            1.3
          ],
          "zoom_range": 0.15
        },
        "model_params": {
          "model_init_function": "build_resnet50v2_hsv_rgb_v4",
          "architecture": "resNet50V2_FASD_HSV_RGB_V4",
          "parameters_count": 1443521,
          "note": null,
          "label_smoothing": 0.1
        },
        "training_params": {
          "early_stopping_patience": 10,
          "learning_rate": 0.0001,
          "initial_epochs": 40,
          "ReduceLROnPlateau_patience": 3,
          "ReduceLROnPlateau_factor": 0.1
        }
      },
      "logs": {
        "best_model_name": "experiment_036_20260427-004719_0_model_resNet50V2_FASD_HSV_RGB_V4.keras",
        "training_history": {
          "accuracy": [
            0.9605756998062134,
            0.9987689256668091,
            0.9992378950119019,
            0.998329222202301,
            0.9996189475059509,
            0.9994430541992188,
            0.9997361898422241,
            0.9996482729911804,
            0.9998534321784973,
            0.9995310306549072,
            0.9997655153274536,
            0.9999120831489563,
            0.9996482729911804,
            0.9999120831489563,
            0.999941349029541,
            0.9998534321784973,
            0.999941349029541,
            0.9997655153274536,
            1,
            0.9997068643569946,
            1,
            0.9998827576637268,
            1,
            1,
            1,
            1,
            1,
            1,
            1,
            1,
            1,
            1,
            1,
            1,
            1,
            1,
            1,
            1,
            1,
            1
          ],
          "eer": [
            0,
            0,
            0,
            0,
            0,
            0,
            0,
            0,
            0,
            0,
            0,
            0,
            0,
            0,
            0,
            0,
            0,
            0,
            0,
            0,
            0,
            0,
            0,
            0,
            0,
            0,
            0,
            0,
            0,
            0,
            0,
            0,
            0,
            0,
            0,
            0,
            0,
            0,
            0,
            0
          ],
          "loss": [
            0.28084829449653625,
            0.21365365386009216,
            0.20974604785442352,
            0.20858412981033325,
            0.20502600073814392,
            0.20480798184871674,
            0.20367830991744995,
            0.2034214735031128,
            0.20307044684886932,
            0.20328070223331451,
            0.20264069736003876,
            0.2021268755197525,
            0.202787846326828,
            0.20216862857341766,
            0.20182181894779205,
            0.20194467902183533,
            0.20164649188518524,
            0.20214977860450745,
            0.2013176828622818,
            0.20220144093036652,
            0.2012893259525299,
            0.20150095224380493,
            0.2010311484336853,
            0.20096784830093384,
            0.20088735222816467,
            0.2008887082338333,
            0.20086829364299774,
            0.20085006952285767,
            0.20080262422561646,
            0.2008410543203354,
            0.2008177489042282,
            0.200835183262825,
            0.20082277059555054,
            0.20079095661640167,
            0.2008173167705536,
            0.20078328251838684,
            0.2008114457130432,
            0.20081140100955963,
            0.20084549486637115,
            0.20077256858348846
          ],
          "learning_rate": [
            0.00009999999747378752,
            0.00009999999747378752,
            0.00009999999747378752,
            0.00009999999747378752,
            0.00009999999747378752,
            0.00009999999747378752,
            0.00009999999747378752,
            0.00009999999747378752,
            0.00009999999747378752,
            0.00009999999747378752,
            0.00009999999747378752,
            0.00009999999747378752,
            0.00009999999747378752,
            0.00009999999747378752,
            0.00009999999747378752,
            0.00009999999747378752,
            0.00009999999747378752,
            0.00009999999747378752,
            0.00009999999747378752,
            0.00009999999747378752,
            0.00009999999747378752,
            0.00009999999747378752,
            0.000009999999747378752,
            0.000009999999747378752,
            0.000009999999747378752,
            0.000009999999747378752,
            0.000009999999747378752,
            0.000009999999747378752,
            9.999999974752427e-7,
            9.999999974752427e-7,
            9.999999974752427e-7,
            1.0000000116860974e-7,
            1.0000000116860974e-7,
            1.0000000116860974e-7,
            9.99999993922529e-9,
            9.99999993922529e-9,
            9.99999993922529e-9,
            9.99999993922529e-9,
            9.99999993922529e-9,
            9.999999717180685e-10
          ]
        },
        "epochs": 40,
        "final_test_metrics": {
          "loss": 0.23535001277923584,
          "accuracy": 0.9788108468055725,
          "eer": 0.02396916529579262
        }
      }
    }
  ]
}