{
  "metadata": {
    "experiment_id": "experiment_017_20260420-165059",
    "status": "completed",
    "notes": " "
  },
  "records": [
    {
      "config": {
        "filtering_params": {
          "data_map_path": "data_maps/CASIA_FASD_V3_50percent_uniformSampling.json",
          "keep_ratio": 0.5,
          "filter_function": "uniform_sampling"
        },
        "data_params": {
          "dataset_path": "/kaggle/input/datasets/maameri/visual-computing-thesis-data/DATA",
          "input_size": [
            224,
            224,
            3
          ],
          "pixel_range": [
            0,
            1
          ],
          "batch_size": 32,
          "validation_subjects_number": 5,
          "get_random_subjects_for_validation": 1,
          "validation_dataset_baleance": 1
        },
        "augmentation_params": {
          "rotation_range": 0.15,
          "horizontal_flip": 1,
          "brightness_range": [
            0.7,
            1.3
          ],
          "zoom_range": 0.15
        },
        "model_params": {
          "model_init_function": "build_resnet50v2_9channel",
          "architecture": "ResNet50V2_9Ch",
          "parameters_count": 23585665,
          "note": null
        },
        "training_params": {
          "early_stopping_patience": 8,
          "learning_rate": 0.0001,
          "initial_epochs": 40,
          "ReduceLROnPlateau_patience": 4,
          "ReduceLROnPlateau_factor": 0.1
        }
      },
      "logs": {
        "best_model_name": "experiment_017_20260420-165059_0_model_ResNet50V2_9Ch.keras",
        "training_history": {
          "accuracy": [
            0.963837206363678,
            0.9923256039619446,
            0.9951550364494324,
            0.9972480535507202,
            0.9963953495025635,
            0.998023271560669,
            0.9995349049568176,
            0.9998062252998352,
            0.9999224543571472,
            0.9999224543571472
          ],
          "eer": [
            0,
            0,
            0,
            0,
            0,
            0,
            0,
            0,
            0,
            0
          ],
          "loss": [
            0.08890432864427567,
            0.0217001810669899,
            0.01477731391787529,
            0.008811982348561287,
            0.012027410790324211,
            0.005704266484826803,
            0.0012527151266112924,
            0.0007986214477568865,
            0.0005054694483987987,
            0.0003026231424883008
          ],
          "val_eer": [
            0.07988380537492598,
            0.0331141380923379,
            0.04198010191702466,
            0.07324010429011933,
            0.07703383729287251,
            0.059816690786733386,
            0.046457062412169924,
            0.04659063334163796,
            0.03765891101062761,
            0.0393777345643891
          ],
          "val_loss": [
            1.099976658821106,
            0.12693950533866882,
            0.14735367894172668,
            0.4433431625366211,
            0.401054322719574,
            0.272757351398468,
            0.33920738101005554,
            0.2873178720474243,
            0.26626577973365784,
            0.28766128420829773
          ],
          "val_accuracy": [
            0.8179413080215454,
            0.95731121301651,
            0.9422799348831177,
            0.9243626594543457,
            0.9023569226264954,
            0.9344636797904968,
            0.9289321899414062,
            0.929172694683075,
            0.9319384098052979,
            0.9271284341812134
          ],
          "learning_rate": [
            0.00009999999747378752,
            0.00009999999747378752,
            0.00009999999747378752,
            0.00009999999747378752,
            0.00009999999747378752,
            0.00009999999747378752,
            0.000009999999747378752,
            0.000009999999747378752,
            0.000009999999747378752,
            0.000009999999747378752
          ]
        },
        "epochs": 10,
        "final_test_metrics": {
          "loss": 0.19800986349582672,
          "accuracy": 0.9638018608093262,
          "eer": 0.04861460957181287
        }
      }
    }
  ]
}