{
  "metadata": {
    "experiment_id": "experiment_049_20260429-130440",
    "status": "completed",
    "notes": " comparing deff mid features levels "
  },
  "records": [
    {
      "config": {
        "filtering_params": {
          "data_map_path": "data_maps/CASIA_FASD_V3_50percent_uniformSampling.json",
          "keep_ratio": 0.5,
          "filter_function": "uniform_sampling"
        },
        "data_params": {
          "dataset_path": "/kaggle/input/datasets/maameri/visual-computing-thesis-data/DATA",
          "input_size": [
            224,
            224,
            3
          ],
          "pixel_range": [
            0,
            1
          ],
          "batch_size": 16,
          "validation_subjects_number": 0,
          "get_random_subjects_for_validation": 1,
          "validation_dataset_baleance": 0
        },
        "augmentation_params": {
          "rotation_range": 0.15,
          "horizontal_flip": 1,
          "brightness_range": [
            0.7,
            1.3
          ],
          "zoom_range": 0.15
        },
        "model_params": {
          "model_init_function": "build_resnet50v2_rgb_v5",
          "architecture": "resNet50V2_FASD_RGB_V5",
          "parameters_count": 1152001,
          "note": null,
          "label_smoothing": 0.1
        },
        "training_params": {
          "early_stopping_patience": 10,
          "learning_rate": 0.0001,
          "initial_epochs": 40,
          "ReduceLROnPlateau_patience": 3,
          "ReduceLROnPlateau_factor": 0.1
        }
      },
      "logs": {
        "best_model_name": "experiment_049_20260429-130440_0_model_resNet50V2_FASD_RGB_V5.keras",
        "training_history": {
          "accuracy": [
            0.9648845195770264,
            0.9988275170326233,
            0.9993844628334045,
            0.9997068643569946,
            0.9994430541992188,
            0.9996482729911804,
            0.9992965459823608,
            0.999941349029541,
            0.9997068643569946,
            0.9995896220207214,
            0.9999706745147705,
            0.9998241066932678,
            0.9995602965354919,
            0.9997948408126831,
            1,
            1,
            0.9999706745147705,
            1,
            1,
            1,
            1,
            1,
            1,
            1,
            1,
            1,
            1,
            1,
            1,
            1,
            1,
            1,
            1,
            1,
            1,
            1,
            1,
            1,
            1,
            1
          ],
          "eer": [
            0,
            0,
            0,
            0,
            0,
            0,
            0,
            0,
            0,
            0,
            0,
            0,
            0,
            0,
            0,
            0,
            0,
            0,
            0,
            0,
            0,
            0,
            0,
            0,
            0,
            0,
            0,
            0,
            0,
            0,
            0,
            0,
            0,
            0,
            0,
            0,
            0,
            0,
            0,
            0
          ],
          "loss": [
            0.2787754535675049,
            0.21772649884223938,
            0.21127067506313324,
            0.208479642868042,
            0.20720230042934418,
            0.20640425384044647,
            0.20567815005779266,
            0.20377373695373535,
            0.20413872599601746,
            0.2040625363588333,
            0.20258964598178864,
            0.20308704674243927,
            0.20335644483566284,
            0.2026689052581787,
            0.201824352145195,
            0.2016918957233429,
            0.20167814195156097,
            0.20154832303524017,
            0.20156194269657135,
            0.2015068531036377,
            0.20149153470993042,
            0.20147213339805603,
            0.2014286369085312,
            0.2014421671628952,
            0.20136959850788116,
            0.20142483711242676,
            0.2014215886592865,
            0.201398566365242,
            0.20139749348163605,
            0.20141834020614624,
            0.20142847299575806,
            0.2014155089855194,
            0.20138679444789886,
            0.20136365294456482,
            0.2014271318912506,
            0.20141148567199707,
            0.2013542503118515,
            0.2013469636440277,
            0.20149855315685272,
            0.20138795673847198
          ],
          "learning_rate": [
            0.00009999999747378752,
            0.00009999999747378752,
            0.00009999999747378752,
            0.00009999999747378752,
            0.00009999999747378752,
            0.00009999999747378752,
            0.00009999999747378752,
            0.00009999999747378752,
            0.00009999999747378752,
            0.00009999999747378752,
            0.00009999999747378752,
            0.00009999999747378752,
            0.00009999999747378752,
            0.00009999999747378752,
            0.000009999999747378752,
            0.000009999999747378752,
            0.000009999999747378752,
            0.000009999999747378752,
            0.000009999999747378752,
            0.000009999999747378752,
            0.000009999999747378752,
            9.999999974752427e-7,
            9.999999974752427e-7,
            9.999999974752427e-7,
            9.999999974752427e-7,
            9.999999974752427e-7,
            1.0000000116860974e-7,
            1.0000000116860974e-7,
            1.0000000116860974e-7,
            9.99999993922529e-9,
            9.99999993922529e-9,
            9.99999993922529e-9,
            9.999999717180685e-10,
            9.999999717180685e-10,
            9.999999717180685e-10,
            9.999999439624929e-11,
            9.999999439624929e-11,
            9.999999439624929e-11,
            9.999999092680234e-12,
            9.999999092680234e-12
          ]
        },
        "epochs": 40,
        "final_test_metrics": {
          "loss": 0.23143093287944794,
          "accuracy": 0.9826163649559021,
          "eer": 0.02758186398006539
        }
      }
    },
    {
      "config": {
        "filtering_params": {
          "data_map_path": "data_maps/CASIA_FASD_V3_50percent_uniformSampling.json",
          "keep_ratio": 0.5,
          "filter_function": "uniform_sampling"
        },
        "data_params": {
          "dataset_path": "/kaggle/input/datasets/maameri/visual-computing-thesis-data/DATA",
          "input_size": [
            224,
            224,
            3
          ],
          "pixel_range": [
            0,
            1
          ],
          "batch_size": 16,
          "validation_subjects_number": 0,
          "get_random_subjects_for_validation": 1,
          "validation_dataset_baleance": 0
        },
        "augmentation_params": {
          "rotation_range": 0.15,
          "horizontal_flip": 1,
          "brightness_range": [
            0.7,
            1.3
          ],
          "zoom_range": 0.15
        },
        "model_params": {
          "model_init_function": "build_resnet50v2_rgb_v6",
          "architecture": "resNet50V2_FASD_RGB_V6",
          "parameters_count": 1716225,
          "note": null,
          "label_smoothing": 0.1
        },
        "training_params": {
          "early_stopping_patience": 10,
          "learning_rate": 0.0001,
          "initial_epochs": 40,
          "ReduceLROnPlateau_patience": 3,
          "ReduceLROnPlateau_factor": 0.1
        }
      },
      "logs": {
        "best_model_name": "experiment_049_20260429-130440_1_model_resNet50V2_FASD_RGB_V6.keras",