{
  "metadata": {
    "experiment_id": "experiment_015_20260419-174707",
    "status": "completed",
    "notes": " mc_resnet_rgb_hsv long trainging with slitly heighter initial LR"
  },
  "records": [
    {
      "config": {
        "filtering_params": {
          "data_map_path": "data_maps/CASIA_FASD_V3_50percent_uniformSampling.json",
          "keep_ratio": 0.5,
          "filter_function": "uniform_sampling"
        },
        "data_params": {
          "dataset_path": "/kaggle/input/datasets/maameri/visual-computing-thesis-data/DATA",
          "input_size": [
            224,
            224,
            3
          ],
          "pixel_range": [
            0,
            1
          ],
          "batch_size": 32,
          "validation_subjects_number": 5,
          "get_random_subjects_for_validation": 1,
          "validation_dataset_baleance": 1
        },
        "augmentation_params": {
          "rotation_range": 0.15,
          "horizontal_flip": 1,
          "brightness_range": [
            0.7,
            1.3
          ],
          "zoom_range": 0.15
        },
        "model_params": {
          "model_init_function": "mc_resnet_rgb_hsv",
          "architecture": "MC-ResNet-RGB-HSV",
          "parameters_count": 392504,
          "note": null
        },
        "training_params": {
          "early_stopping_patience": 8,
          "learning_rate": 0.0001,
          "initial_epochs": 80,
          "ReduceLROnPlateau_patience": 4,
          "ReduceLROnPlateau_factor": 0.1
        }
      },
      "logs": {
        "best_model_name": "experiment_015_20260419-174707_0_model_MC-ResNet-RGB-HSV.keras",
        "training_history": {
          "accuracy": [
            0.939764678478241,
            0.9946274757385254,
            0.9963529706001282,
            0.9975686073303223,
            0.9981176257133484,
            0.9983137249946594,
            0.9992156624794006,
            0.9986274242401123,
            0.9983137249946594,
            0.9996470808982849,
            0.9996863007545471,
            0.9997254610061646,
            0.9999607801437378
          ],
          "eer": [
            0,
            0,
            0,
            0,
            0,
            0,
            0,
            0,
            0,
            0,
            0,
            0,
            0
          ],
          "loss": [
            1.770414113998413,
            0.6928001642227173,
            0.36008885502815247,
            0.20268486440181732,
            0.12122291326522827,
            0.0757615938782692,
            0.04837805777788162,
            0.03541722521185875,
            0.02701284922659397,
            0.02102167345583439,
            0.019317351281642914,
            0.018642906099557877,
            0.016674313694238663
          ],
          "val_eer": [
            0.059833024117734376,
            0.03827189481224197,
            0.02105993982874426,
            0.026827012027110568,
            0.012867647057245246,
            0.07490808823536883,
            0.018340210912584854,
            0.016446606438840734,
            0.028682882055965697,
            0.020499528745852508,
            0.016173752310056647,
            0.014911463186972862,
            0.014378478663115644
          ],
          "val_loss": [
            0.16333672404289246,
            0.12073849141597748,
            0.07142635434865952,
            0.083278127014637,
            0.04020482301712036,
            0.3049987852573395,
            0.07639189809560776,
            0.06966101378202438,
            0.12707866728305817,
            0.08907586336135864,
            0.07475005090236664,
            0.06984353065490723,
            0.0750286877155304
          ],
          "val_accuracy": [
            0.9532265663146973,
            0.9685468673706055,
            0.9845635890960693,
            0.9735376238822937,
            0.9868848919868469,
            0.9206128120422363,
            0.9839832782745361,
            0.985260009765625,
            0.9743500351905823,
            0.9874652028083801,
            0.989090085029602,
            0.9893221855163574,
            0.9889739751815796
          ],
          "learning_rate": [
            0.00009999999747378752,
            0.00009999999747378752,
            0.00009999999747378752,
            0.00009999999747378752,
            0.00009999999747378752,
            0.00009999999747378752,
            0.00009999999747378752,
            0.00009999999747378752,
            0.00009999999747378752,
            0.000009999999747378752,
            0.000009999999747378752,
            0.000009999999747378752,
            0.000009999999747378752
          ]
        },
        "epochs": 13,
        "final_test_metrics": {
          "loss": 0.1481805145740509,
          "accuracy": 0.9742137789726257,
          "eer": 0.037657430730415456
        }
      }
    },
    {
      "config": {
        "filtering_params": {
          "data_map_path": "data_maps/CASIA_FASD_V3_30percent_BMSelection.json",
          "keep_ratio": 0.3,
          "filter_function": "brightness_contrast_movement_based_selecting"
        },
        "data_params": {
          "dataset_path": "/kaggle/input/datasets/maameri/visual-computing-thesis-data/DATA",
          "input_size": [
            224,
            224,
            3
          ],
          "pixel_range": [
            0,
            1
          ],
          "batch_size": 32,
          "validation_subjects_number": 5,
          "get_random_subjects_for_validation": 1,
          "validation_dataset_baleance": 1
        },
        "augmentation_params": {
          "rotation_range": 0.15,
          "horizontal_flip": 1,
          "brightness_range": [
            0.7,
            1.3
          ],
          "zoom_range": 0.15
        },
        "model_params": {
          "model_init_function": "mc_resnet_rgb_hsv",
          "architecture": "MC-ResNet-RGB-HSV",
          "parameters_count": 392504,
          "note": null
        },
        "training_params": {
          "early_stopping_patience": 8,
          "learning_rate": 0.0001,
          "initial_epochs": 80,
          "ReduceLROnPlateau_patience": 4,
          "ReduceLROnPlateau_factor": 0.1
        }
      },
      "logs": {
        "best_model_name": "experiment_015_20260419-174707_1_model_MC-ResNet-RGB-HSV.keras",
        "training_history": {
          "accuracy": [
            0.9096305966377258,
            0.9867414236068726,
            0.9927440881729126,
            0.9950527548789978,
            0.9968997240066528,
            0.995844304561615,
            0.9982849359512329,
            0.9993403553962708,
            0.9999340176582336,
            0.9998021125793457,
            0.9998021125793457,
            0.9998021125793457,
            0.9997361302375793,
            0.9998021125793457,
            0.9999340176582336,
            0.9998680949211121,
            0.9999340176582336,
            1,
            0.9999340176582336
          ],
          "eer": [
            0,
            0,
            0,
            0,
            0,
            0,
            0,
            0,
            0,
            0,
            0,
            0,
            0,
            0,
            0,
            0,
            0,
            0,
            0
          ],