{
  "metadata": {
    "experiment_id": "experiment_014_20260419-054950",
    "status": "completed",
    "notes": " gramnet long trainging"
  },
  "records": [
    {
      "config": {
        "filtering_params": {
          "data_map_path": "data_maps/CASIA_FASD_V3_50percent_uniformSampling.json",
          "keep_ratio": 0.5,
          "filter_function": "uniform_sampling"
        },
        "data_params": {
          "dataset_path": "/kaggle/input/datasets/maameri/visual-computing-thesis-data/DATA",
          "input_size": [
            224,
            224,
            3
          ],
          "pixel_range": [
            0,
            1
          ],
          "batch_size": 32,
          "validation_subjects_number": 5,
          "get_random_subjects_for_validation": 1,
          "validation_dataset_baleance": 1
        },
        "augmentation_params": {
          "rotation_range": 0.15,
          "horizontal_flip": 1,
          "brightness_range": [
            0.7,
            1.3
          ],
          "zoom_range": 0.15
        },
        "model_params": {
          "model_init_function": "build_gram_net",
          "architecture": "GramNet_ResNet",
          "parameters_count": 2607521,
          "note": null
        },
        "training_params": {
          "early_stopping_patience": 8,
          "learning_rate": 0.000001,
          "initial_epochs": 80,
          "ReduceLROnPlateau_patience": 4,
          "ReduceLROnPlateau_factor": 0.1
        }
      },
      "logs": {
        "best_model_name": "experiment_014_20260419-054950_0_model_GramNet_ResNet.keras",
        "training_history": {
          "accuracy": [
            0.6611796617507935,
            0.7331534028053284,
            0.7696993350982666,
            0.792174220085144,
            0.8153430819511414,
            0.8307632803916931,
            0.8542405366897583,
            0.8697378635406494,
            0.8810716867446899,
            0.8937548398971558,
            0.9055898189544678,
            0.9114494919776917,
            0.9120662808418274,
            0.9113724231719971,
            0.91237473487854
          ],
          "eer": [
            0,
            0,
            0,
            0,
            0,
            0,
            0,
            0,
            0,
            0,
            0,
            0,
            0,
            0,
            0
          ],
          "loss": [
            0.61031174659729,
            0.5167620778083801,
            0.46142181754112244,
            0.43136247992515564,
            0.3954453468322754,
            0.3733304738998413,
            0.340599924325943,
            0.31292659044265747,
            0.28970906138420105,
            0.26868483424186707,
            0.24519671499729156,
            0.2339015156030655,
            0.2329694926738739,
            0.23475484549999237,
            0.2299346774816513
          ],
          "val_eer": [
            0.5140552432159464,
            0.5249023437510887,
            0.4716796874988298,
            0.5158942004367871,
            0.4492187499993098,
            0.4857493857493858,
            0.3854191980558309,
            0.5012913540769893,
            0.5095255883451625,
            0.47576611729352847,
            0.5,
            0.4714102709439041,
            0.4869536649193791,
            0.4046157623375741,
            0.3975669099749919
          ],
          "val_loss": [
            1.416154384613037,
            0.9685667753219604,
            2.5479085445404053,
            2.7872860431671143,
            3.197882890701294,
            7.582037448883057,
            22.65038299560547,
            581.8912353515625,
            36170.734375,
            48793.546875,
            111041.28125,
            10206.40234375,
            895.1234741210938,
            69.43929290771484,
            15.01685619354248
          ],
          "val_accuracy": [
            0.4996330738067627,
            0.5009784698486328,
            0.5009784698486328,
            0.49596378207206726,
            0.5009784698486328,
            0.5022015571594238,
            0.49669766426086426,
            0.49681997299194336,
            0.4817759394645691,
            0.5321673154830933,
            0.48886987566947937,
            0.5469667315483093,
            0.5229941010475159,
            0.517123281955719,
            0.5020792484283447
          ],
          "learning_rate": [
            9.999999974752427e-7,
            9.999999974752427e-7,
            9.999999974752427e-7,
            9.999999974752427e-7,
            9.999999974752427e-7,
            9.999999974752427e-7,
            9.999999974752427e-7,
            9.999999974752427e-7,
            9.999999974752427e-7,
            9.999999974752427e-7,
            9.999999974752427e-7,
            1.0000000116860974e-7,
            1.0000000116860974e-7,
            1.0000000116860974e-7,
            1.0000000116860974e-7
          ]
        },
        "epochs": 15,
        "final_test_metrics": {
          "loss": 10.88697338104248,
          "accuracy": 0.758273184299469,
          "eer": 0.44005037783386447
        }
      }
    },
    {
      "config": {
        "filtering_params": {
          "data_map_path": "data_maps/CASIA_FASD_V3_30percent_BMSelection.json",
          "keep_ratio": 0.3,
          "filter_function": "brightness_contrast_movement_based_selecting"
        },
        "data_params": {
          "dataset_path": "/kaggle/input/datasets/maameri/visual-computing-thesis-data/DATA",
          "input_size": [
            224,
            224,
            3
          ],
          "pixel_range": [
            0,
            1
          ],
          "batch_size": 32,
          "validation_subjects_number": 5,
          "get_random_subjects_for_validation": 1,
          "validation_dataset_baleance": 1
        },
        "augmentation_params": {
          "rotation_range": 0.15,
          "horizontal_flip": 1,
          "brightness_range": [
            0.7,
            1.3
          ],
          "zoom_range": 0.15
        },
        "model_params": {
          "model_init_function": "build_gram_net",
          "architecture": "GramNet_ResNet",
          "parameters_count": 2607521,
          "note": null
        },
        "training_params": {
          "early_stopping_patience": 8,
          "learning_rate": 0.000001,
          "initial_epochs": 80,
          "ReduceLROnPlateau_patience": 4,
          "ReduceLROnPlateau_factor": 0.1
        }
      },
      "logs": {
        "best_model_name": "experiment_014_20260419-054950_1_model_GramNet_ResNet.keras",
        "training_history": {
          "accuracy": [
            0.5938918590545654,
            0.7002982497215271,
            0.7519776821136475,
            0.7897160053253174,
            0.8180521130561829,
            0.8457398414611816,
            0.8675917387008667,
            0.8824406862258911,
            0.8905459642410278,
            0.9013746380805969,
            0.9158345460891724,
            0.923226535320282,
            0.9243937134742737,
            0.9302295446395874,
            0.9387239217758179,
            0.9421605467796326,
            0.9442355036735535,
            0.9453378319740295,
            0.9457917213439941,
            0.9476073384284973,
            0.9487096071243286,
            0.9479963779449463,
            0.9525353312492371,
            0.9487096071243286,
            0.9516275525093079,
            0.9519517421722412,
            0.9490338563919067,
            0.9509142637252808,
            0.95383220911026,
            0.9496174454689026,
            0.9529892206192017,
            0.9526001811027527,
            0.9546751379966736,
            0.9528595805168152,
            0.9536376595497131
          ],