{
  "metadata": {
    "experiment_id": "experiment_074_20260502-231121",
    "status": "completed",
    "notes": " pix rang effect "
  },
  "records": [
    {
      "config": {
        "filtering_params": {
          "data_map_path": "data_maps/CASIA_FASD_V3_50percent_uniformSampling.json",
          "keep_ratio": 0.5,
          "filter_function": "uniform_sampling"
        },
        "data_params": {
          "dataset_path": "/kaggle/input/datasets/maameri/visual-computing-thesis-data/DATA",
          "input_size": [
            448,
            448,
            3
          ],
          "pixel_range": [
            -1,
            1
          ],
          "batch_size": 16,
          "validation_subjects_number": 0,
          "get_random_subjects_for_validation": 1,
          "validation_dataset_baleance": 1
        },
        "augmentation_params": {
          "rotation_range": 0.15,
          "horizontal_flip": 1,
          "brightness_delta": 0,
          "zoom_range": [
            0.85,
            1
          ]
        },
        "model_params": {
          "model_init_function": "build_resnet50v2_rgb_v4",
          "architecture": "resNet50V2_FASD_RGB_V4",
          "parameters_count": 1434113,
          "note": null,
          "label_smoothing": 0.1,
          "isFocalLoss": 0,
          "focal_alpha": 0.25,
          "focal_gamma": 2,
          "apply_class_balancing": 0
        },
        "training_params": {
          "early_stopping_patience": 10,
          "learning_rate": 0.0001,
          "initial_epochs": 100,
          "ReduceLROnPlateau_patience": 3,
          "ReduceLROnPlateau_factor": 0.1,
          "isAdamW": 0
        }
      },
      "logs": {
        "best_model_name": "experiment_074_20260502-231121_0_model_resNet50V2_FASD_RGB_V4.keras",
        "training_history": {
          "accuracy": [
            0.9620412588119507,
            0.9982413053512573,
            0.9991499781608582,
            0.9996482729911804,
            0.9999706745147705,
            0.9997655153274536,
            0.9999120831489563,
            0.999941349029541,
            0.9999120831489563,
            0.9997655153274536,
            0.9999706745147705,
            0.999941349029541,
            0.9999706745147705,
            0.9999706745147705,
            0.999941349029541,
            0.9998827576637268,
            0.999941349029541,
            0.999941349029541,
            1,
            0.9998827576637268,
            0.9999120831489563,
            1,
            1,
            1,
            1,
            1,
            1,
            1,
            1,
            1,
            1,
            1,
            1,
            1,
            1,
            1,
            1,
            1,
            1,
            1,
            1,
            1,
            1,
            1,
            1,
            1,
            1,
            1,
            1,
            1
          ],
          "eer": [
            0,
            0,
            0,
            0,
            0,
            0,
            0,
            0,
            0,
            0,
            0,
            0,
            0,
            0,
            0,
            0,
            0,
            0,
            0,
            0,
            0,
            0,
            0,
            0,
            0,
            0,
            0,
            0,
            0,
            0,
            0,
            0,
            0,
            0,
            0,
            0,
            0,
            0,
            0,
            0,
            0,
            0,
            0,
            0,
            0,
            0,
            0,
            0,
            0,
            0
          ],
          "loss": [
            0.28898873925209045,
            0.21864381432533264,
            0.21282470226287842,
            0.21026013791561127,
            0.20643790066242218,
            0.20567314326763153,
            0.2046087086200714,
            0.20392827689647675,
            0.20378801226615906,
            0.20341336727142334,
            0.2026796191930771,
            0.20266704261302948,
            0.2023368775844574,
            0.20235565304756165,
            0.20236726105213165,
            0.20222914218902588,
            0.20212070643901825,
            0.20208889245986938,
            0.20155948400497437,
            0.2022506594657898,
            0.2019551396369934,
            0.20156443119049072,
            0.20109592378139496,
            0.20105357468128204,
            0.200984925031662,
            0.2010055035352707,
            0.20096206665039062,
            0.20095516741275787,
            0.2008882462978363,
            0.20088718831539154,
            0.20088940858840942,
            0.2008713185787201,
            0.2009301334619522,
            0.20090904831886292,
            0.20088282227516174,
            0.2009001225233078,
            0.20087173581123352,
            0.20088903605937958,
            0.2008739709854126,
            0.2008712887763977,
            0.20089055597782135,
            0.2008831799030304,
            0.20088225603103638,
            0.20091204345226288,
            0.2009015679359436,
            0.20089389383792877,
            0.20087303221225739,
            0.2009005844593048,
            0.20088644325733185,
            0.2008756846189499
          ],
          "learning_rate": [
            0.00009999999747378752,
            0.00009999999747378752,
            0.00009999999747378752,
            0.00009999999747378752,
            0.00009999999747378752,
            0.00009999999747378752,
            0.00009999999747378752,
            0.00009999999747378752,
            0.00009999999747378752,
            0.00009999999747378752,
            0.00009999999747378752,
            0.00009999999747378752,
            0.00009999999747378752,
            0.00009999999747378752,
            0.00009999999747378752,
            0.00009999999747378752,
            0.00009999999747378752,
            0.00009999999747378752,
            0.00009999999747378752,
            0.00009999999747378752,
            0.00009999999747378752,
            0.00009999999747378752,
            0.000009999999747378752,
            0.000009999999747378752,
            0.000009999999747378752,
            0.000009999999747378752,
            0.000009999999747378752,
            0.000009999999747378752,
            9.999999974752427e-7,
            9.999999974752427e-7,
            9.999999974752427e-7,
            1.0000000116860974e-7,
            1.0000000116860974e-7,
            1.0000000116860974e-7,
            1.0000000116860974e-7,
            9.99999993922529e-9,
            9.99999993922529e-9,
            9.99999993922529e-9,
            9.999999717180685e-10,
            9.999999717180685e-10,
            9.999999717180685e-10,
            9.999999439624929e-11,
            9.999999439624929e-11,
            9.999999439624929e-11,
            9.999999092680234e-12,
            9.999999092680234e-12,
            9.999999092680234e-12,
            9.9999988758398e-13,
            9.9999988758398e-13,
            9.9999988758398e-13
          ]
        },
        "epochs": 50,
        "final_test_metrics": {
          "loss": 0.22658148407936096,
          "accuracy": 0.9832252860069275,
          "eer": 0.018136020151201814
        }
      }
    }
  ]
}