{
  "metadata": {
    "experiment_id": "experiment_072_20260502-172326",
    "status": "completed",
    "notes": " ls 0.1 vs 0.05 "
  },
  "records": [
    {
      "config": {
        "filtering_params": {
          "data_map_path": "data_maps/CASIA_FASD_V3_50percent_uniformSampling.json",
          "keep_ratio": 0.5,
          "filter_function": "uniform_sampling"
        },
        "data_params": {
          "dataset_path": "/kaggle/input/datasets/maameri/visual-computing-thesis-data/DATA",
          "input_size": [
            224,
            224,
            3
          ],
          "pixel_range": [
            0,
            1
          ],
          "batch_size": 16,
          "validation_subjects_number": 0,
          "get_random_subjects_for_validation": 1,
          "validation_dataset_baleance": 1
        },
        "augmentation_params": {
          "rotation_range": 0.15,
          "horizontal_flip": 1,
          "brightness_delta": 0.1,
          "zoom_range": [
            0.85,
            1
          ]
        },
        "model_params": {
          "model_init_function": "build_resnet50v2_rgb_v4",
          "architecture": "resNet50V2_FASD_RGB_V4",
          "parameters_count": 1434113,
          "note": null,
          "label_smoothing": 0.1,
          "isFocalLoss": 0,
          "focal_alpha": 0.25,
          "focal_gamma": 2,
          "apply_class_balancing": 0
        },
        "training_params": {
          "early_stopping_patience": 10,
          "learning_rate": 0.0001,
          "initial_epochs": 80,
          "ReduceLROnPlateau_patience": 3,
          "ReduceLROnPlateau_factor": 0.1,
          "isAdamW": 0
        }
      },
      "logs": {
        "best_model_name": "experiment_072_20260502-172326_0_model_resNet50V2_FASD_RGB_V4.keras",
        "training_history": {
          "accuracy": [
            0.9452749490737915,
            0.9951049089431763,
            0.9975671172142029,
            0.9991206526756287,
            0.9992965459823608,
            0.9993844628334045,
            0.9990913271903992,
            0.9996482729911804,
            0.9997361898422241,
            0.9994430541992188,
            0.9996775984764099,
            0.9996189475059509,
            0.9996482729911804,
            0.9998827576637268,
            0.9997948408126831,
            0.9998827576637268,
            0.9997948408126831,
            0.9996482729911804,
            1,
            0.9997068643569946,
            1,
            0.9996189475059509,
            1,
            1,
            1,
            1,
            1,
            1,
            1,
            1,
            1,
            1,
            1,
            1,
            1,
            1,
            1,
            1,
            1,
            1,
            1,
            1,
            1,
            1,
            1,
            1,
            1,
            1,
            1,
            1
          ],
          "eer": [
            0,
            0,
            0,
            0,
            0,
            0,
            0,
            0,
            0,
            0,
            0,
            0,
            0,
            0,
            0,
            0,
            0,
            0,
            0,
            0,
            0,
            0,
            0,
            0,
            0,
            0,
            0,
            0,
            0,
            0,
            0,
            0,
            0,
            0,
            0,
            0,
            0,
            0,
            0,
            0,
            0,
            0,
            0,
            0,
            0,
            0,
            0,
            0,
            0,
            0
          ],
          "loss": [
            0.3090057373046875,
            0.22790983319282532,
            0.21768119931221008,
            0.21137253940105438,
            0.20900461077690125,
            0.20713618397712708,
            0.20707400143146515,
            0.20499061048030853,
            0.20458370447158813,
            0.20481431484222412,
            0.20407359302043915,
            0.20382928848266602,
            0.20336496829986572,
            0.20298726856708527,
            0.20304948091506958,
            0.20271416008472443,
            0.20272783935070038,
            0.20283441245555878,
            0.20196972787380219,
            0.20310021936893463,
            0.2020324468612671,
            0.2031845897436142,
            0.20155711472034454,
            0.20152795314788818,
            0.20148196816444397,
            0.20146290957927704,
            0.2014419287443161,
            0.20146873593330383,
            0.20142033696174622,
            0.20145609974861145,
            0.201407790184021,
            0.20139507949352264,
            0.20142121613025665,
            0.2014293372631073,
            0.2013845294713974,
            0.20142224431037903,
            0.20143310725688934,
            0.201391339302063,
            0.20139966905117035,
            0.20136694610118866,
            0.2013997882604599,
            0.20141412317752838,
            0.20145055651664734,
            0.2014220654964447,
            0.2014418989419937,
            0.20142397284507751,
            0.20141050219535828,
            0.20141713321208954,
            0.2014446258544922,
            0.20141460001468658
          ],
          "learning_rate": [
            0.00009999999747378752,
            0.00009999999747378752,
            0.00009999999747378752,
            0.00009999999747378752,
            0.00009999999747378752,
            0.00009999999747378752,
            0.00009999999747378752,
            0.00009999999747378752,
            0.00009999999747378752,
            0.00009999999747378752,
            0.00009999999747378752,
            0.00009999999747378752,
            0.00009999999747378752,
            0.00009999999747378752,
            0.00009999999747378752,
            0.00009999999747378752,
            0.00009999999747378752,
            0.00009999999747378752,
            0.00009999999747378752,
            0.00009999999747378752,
            0.00009999999747378752,
            0.00009999999747378752,
            0.000009999999747378752,
            0.000009999999747378752,
            0.000009999999747378752,
            0.000009999999747378752,
            9.999999974752427e-7,
            9.999999974752427e-7,
            9.999999974752427e-7,
            9.999999974752427e-7,
            1.0000000116860974e-7,
            1.0000000116860974e-7,
            1.0000000116860974e-7,
            9.99999993922529e-9,
            9.99999993922529e-9,
            9.99999993922529e-9,
            9.999999717180685e-10,
            9.999999717180685e-10,
            9.999999717180685e-10,
            9.999999439624929e-11,
            9.999999439624929e-11,
            9.999999439624929e-11,
            9.999999092680234e-12,
            9.999999092680234e-12,
            9.999999092680234e-12,
            9.9999988758398e-13,
            9.9999988758398e-13,
            9.9999988758398e-13,
            9.999999146890343e-14,
            9.999999146890343e-14
          ]
        },
        "epochs": 50,
        "final_test_metrics": {
          "loss": 0.24051876366138458,
          "accuracy": 0.9740310907363892,
          "eer": 0.03350125944596694
        }
      }
    },
    {
      "config": {
        "filtering_params": {
          "data_map_path": "data_maps/CASIA_FASD_V3_50percent_uniformSampling.json",
          "keep_ratio": 0.5,
          "filter_function": "uniform_sampling"
        },
        "data_params": {
          "dataset_path": "/kaggle/input/datasets/maameri/visual-computing-thesis-data/DATA",
          "input_size": [
            224,
            224,
            3
          ],
          "pixel_range": [
            0,
            1
          ],
          "batch_size": 16,
          "validation_subjects_number": 0,