{
  "metadata": {
    "experiment_id": "experiment_050_20260429-232451",
    "status": "completed",
    "notes": " compare less prob erasing vs lighter classifier "
  },
  "records": [
    {
      "config": {
        "filtering_params": {
          "data_map_path": "data_maps/CASIA_FASD_V3_50percent_uniformSampling.json",
          "keep_ratio": 0.5,
          "filter_function": "uniform_sampling"
        },
        "data_params": {
          "dataset_path": "/kaggle/input/datasets/maameri/visual-computing-thesis-data/DATA",
          "input_size": [
            224,
            224,
            3
          ],
          "pixel_range": [
            0,
            1
          ],
          "batch_size": 16,
          "validation_subjects_number": 0,
          "get_random_subjects_for_validation": 1,
          "validation_dataset_baleance": 0
        },
        "augmentation_params": {
          "rotation_range": 0.15,
          "horizontal_flip": 1,
          "brightness_range": [
            0.7,
            1.3
          ],
          "zoom_range": 0.15
        },
        "model_params": {
          "model_init_function": "build_resnet50v2_rgb_v4_4erasedPatches_scale_5_prob_05",
          "architecture": "resNet50V2_FASD_RGB_V4_4erasedPatches_scale_5_prob_0.5",
          "parameters_count": 1434113,
          "note": null,
          "label_smoothing": 0.1
        },
        "training_params": {
          "early_stopping_patience": 10,
          "learning_rate": 0.0001,
          "initial_epochs": 40,
          "ReduceLROnPlateau_patience": 3,
          "ReduceLROnPlateau_factor": 0.1
        }
      },
      "logs": {
        "best_model_name": "experiment_050_20260429-232451_0_model_resNet50V2_FASD_RGB_V4_4erasedPatches_scale_5_prob_0.5.keras",
        "training_history": {
          "accuracy": [
            0.9350451231002808,
            0.9952808022499084,
            0.9977136850357056,
            0.9987689256668091,
            0.9988568425178528,
            0.9995310306549072,
            0.9992965459823608,
            0.9997068643569946,
            0.9996189475059509,
            0.9996775984764099,
            0.9997655153274536,
            0.9997655153274536,
            0.9996189475059509,
            0.9997948408126831,
            0.9996482729911804,
            0.9998241066932678,
            0.9997655153274536,
            1,
            1,
            1,
            1,
            1,
            1,
            1,
            1,
            1,
            1,
            1,
            1,
            1,
            1,
            1,
            1,
            1,
            1,
            1,
            1,
            1,
            1,
            1
          ],
          "eer": [
            0,
            0,
            0,
            0,
            0,
            0,
            0,
            0,
            0,
            0,
            0,
            0,
            0,
            0,
            0,
            0,
            0,
            0,
            0,
            0,
            0,
            0,
            0,
            0,
            0,
            0,
            0,
            0,
            0,
            0,
            0,
            0,
            0,
            0,
            0,
            0,
            0,
            0,
            0,
            0
          ],
          "loss": [
            0.3214520215988159,
            0.22628998756408691,
            0.21646998822689056,
            0.21175965666770935,
            0.21025364100933075,
            0.20714952051639557,
            0.20711331069469452,
            0.20611251890659332,
            0.20531150698661804,
            0.20488445460796356,
            0.20482073724269867,
            0.20407356321811676,
            0.20434588193893433,
            0.2034139186143875,
            0.203733891248703,
            0.20350326597690582,
            0.20333002507686615,
            0.2021339386701584,
            0.20206110179424286,
            0.2019096314907074,
            0.20192252099514008,
            0.20187555253505707,
            0.2019050121307373,
            0.20183850824832916,
            0.20174218714237213,
            0.2017640769481659,
            0.20178885757923126,
            0.2017846256494522,
            0.20171613991260529,
            0.20176883041858673,
            0.20175212621688843,
            0.20175358653068542,
            0.2017420381307602,
            0.20172034204006195,
            0.2016994208097458,
            0.2018100470304489,
            0.20173315703868866,
            0.20170475542545319,
            0.20174962282180786,
            0.20177334547042847
          ],
          "learning_rate": [
            0.00009999999747378752,
            0.00009999999747378752,
            0.00009999999747378752,
            0.00009999999747378752,
            0.00009999999747378752,
            0.00009999999747378752,
            0.00009999999747378752,
            0.00009999999747378752,
            0.00009999999747378752,
            0.00009999999747378752,
            0.00009999999747378752,
            0.00009999999747378752,
            0.00009999999747378752,
            0.00009999999747378752,
            0.00009999999747378752,
            0.00009999999747378752,
            0.00009999999747378752,
            0.000009999999747378752,
            0.000009999999747378752,
            0.000009999999747378752,
            0.000009999999747378752,
            0.000009999999747378752,
            0.000009999999747378752,
            9.999999974752427e-7,
            9.999999974752427e-7,
            9.999999974752427e-7,
            9.999999974752427e-7,
            9.999999974752427e-7,
            1.0000000116860974e-7,
            1.0000000116860974e-7,
            1.0000000116860974e-7,
            9.99999993922529e-9,
            9.99999993922529e-9,
            9.99999993922529e-9,
            9.999999717180685e-10,
            9.999999717180685e-10,
            9.999999717180685e-10,
            9.999999439624929e-11,
            9.999999439624929e-11,
            9.999999439624929e-11
          ]
        },
        "epochs": 40,
        "final_test_metrics": {
          "loss": 0.23628230392932892,
          "accuracy": 0.975462019443512,
          "eer": 0.028841309823725896
        }
      }
    },
    {
      "config": {
        "filtering_params": {
          "data_map_path": "data_maps/CASIA_FASD_V3_50percent_uniformSampling.json",
          "keep_ratio": 0.5,
          "filter_function": "uniform_sampling"
        },
        "data_params": {
          "dataset_path": "/kaggle/input/datasets/maameri/visual-computing-thesis-data/DATA",
          "input_size": [
            224,
            224,
            3
          ],
          "pixel_range": [
            0,
            1
          ],
          "batch_size": 16,
          "validation_subjects_number": 0,
          "get_random_subjects_for_validation": 1,
          "validation_dataset_baleance": 0
        },
        "augmentation_params": {
          "rotation_range": 0.15,
          "horizontal_flip": 1,
          "brightness_range": [
            0.7,
            1.3
          ],
          "zoom_range": 0.15
        },
        "model_params": {
          "model_init_function": "build_resnet50v2_rgb_v4_light_classifier",
          "architecture": "resNet50V2_FASD_RGB_V4_light_classifier",
          "parameters_count": 1302785,
          "note": null,
          "label_smoothing": 0.1
        },
        "training_params": {
          "early_stopping_patience": 10,
          "learning_rate": 0.0001,
          "initial_epochs": 40,
          "ReduceLROnPlateau_patience": 3,
          "ReduceLROnPlateau_factor": 0.1
        }
      },
      "logs": {
        "best_model_name": "experiment_050_20260429-232451_1_model_resNet50V2_FASD_RGB_V4_light_classifier.keras",