{
  "metadata": {
    "experiment_id": "experiment_040_20260427-031541",
    "status": "completed",
    "notes": " "
  },
  "records": [
    {
      "config": {
        "filtering_params": {
          "data_map_path": "data_maps/CASIA_FASD_V3_50percent_uniformSampling.json",
          "keep_ratio": 0.5,
          "filter_function": "uniform_sampling"
        },
        "data_params": {
          "dataset_path": "/kaggle/input/datasets/maameri/visual-computing-thesis-data/DATA",
          "input_size": [
            224,
            224,
            3
          ],
          "pixel_range": [
            0,
            1
          ],
          "batch_size": 16,
          "validation_subjects_number": 0,
          "get_random_subjects_for_validation": 1,
          "validation_dataset_baleance": 0
        },
        "augmentation_params": {
          "rotation_range": 0.15,
          "horizontal_flip": 1,
          "brightness_range": [
            0.7,
            1.3
          ],
          "zoom_range": 0.15
        },
        "model_params": {
          "model_init_function": "build_resnet50v2_hsv_rgb_v4",
          "architecture": "resNet50V2_FASD_HSV_RGB_V4",
          "parameters_count": 1443521,
          "note": null
        },
        "training_params": {
          "early_stopping_patience": 10,
          "learning_rate": 0.0001,
          "initial_epochs": 40,
          "ReduceLROnPlateau_patience": 3,
          "ReduceLROnPlateau_factor": 0.1
        }
      },
      "logs": {
        "best_model_name": "experiment_040_20260427-031541_0_model_resNet50V2_FASD_HSV_RGB_V4.keras",
        "training_history": {
          "accuracy": [
            0.9565892815589905,
            0.994665265083313,
            0.9955739378929138,
            0.9971860647201538,
            0.9971860647201538,
            0.9982413053512573,
            0.9982998967170715,
            0.9985051155090332,
            0.9982413053512573,
            0.9988861680030823,
            0.9989447593688965,
            0.9987102746963501,
            0.9995017051696777,
            0.9991499781608582,
            0.9992965459823608,
            0.9991499781608582,
            0.9997361898422241,
            1,
            1,
            0.9998827576637268,
            1,
            0.9999706745147705,
            1,
            0.9999706745147705,
            1,
            1,
            1,
            1,
            1,
            1,
            1,
            1,
            1,
            1,
            1,
            0.9999706745147705,
            0.9999706745147705,
            1,
            1,
            1
          ],
          "eer": [
            0,
            0,
            0,
            0,
            0,
            0,
            0,
            0,
            0,
            0,
            0,
            0,
            0,
            0,
            0,
            0,
            0,
            0,
            0,
            0,
            0,
            0,
            0,
            0,
            0,
            0,
            0,
            0,
            0,
            0,
            0,
            0,
            0,
            0,
            0,
            0,
            0,
            0,
            0,
            0
          ],
          "loss": [
            0.10957885533571243,
            0.016685746610164642,
            0.014513262547552586,
            0.00858630333095789,
            0.008194594644010067,
            0.006348103284835815,
            0.005403089802712202,
            0.004685156513005495,
            0.0058847516775131226,
            0.003825400723144412,
            0.0037227170541882515,
            0.0056114415638148785,
            0.001909206504933536,
            0.003346567740663886,
            0.0031848845537751913,
            0.002995332470163703,
            0.0006449533975683153,
            0.0001278097042813897,
            0.0000170979092217749,
            0.0005142661393620074,
            0.00002092755130433943,
            0.00009594410221325234,
            0.0000022122060272522504,
            0.00011885173444170505,
            0.000018733006072579883,
            0.00001428164068784099,
            0.000018258624550071545,
            0.000010164588275074493,
            0.0000188723934115842,
            0.000005002420948585495,
            0.000003943557203456294,
            0.000004753268513013609,
            0.000001539685285933956,
            0.000004668144811148522,
            0.000011600279322010465,
            0.000043713924242183566,
            0.00007482507498934865,
            0.000002895829766202951,
            0.000009888804925139993,
            0.000004534528670774307
          ],
          "learning_rate": [
            0.00009999999747378752,
            0.00009999999747378752,
            0.00009999999747378752,
            0.00009999999747378752,
            0.00009999999747378752,
            0.00009999999747378752,
            0.00009999999747378752,
            0.00009999999747378752,
            0.00009999999747378752,
            0.00009999999747378752,
            0.00009999999747378752,
            0.00009999999747378752,
            0.00009999999747378752,
            0.00009999999747378752,
            0.00009999999747378752,
            0.00009999999747378752,
            0.000009999999747378752,
            0.000009999999747378752,
            0.000009999999747378752,
            0.000009999999747378752,
            0.000009999999747378752,
            0.000009999999747378752,
            9.999999974752427e-7,
            9.999999974752427e-7,
            9.999999974752427e-7,
            1.0000000116860974e-7,
            1.0000000116860974e-7,
            1.0000000116860974e-7,
            9.99999993922529e-9,
            9.99999993922529e-9,
            9.99999993922529e-9,
            9.999999717180685e-10,
            9.999999717180685e-10,
            9.999999717180685e-10,
            9.999999439624929e-11,
            9.999999439624929e-11,
            9.999999439624929e-11,
            9.999999092680234e-12,
            9.999999092680234e-12,
            9.999999092680234e-12
          ]
        },
        "epochs": 40,
        "final_test_metrics": {
          "loss": 0.18931947648525238,
          "accuracy": 0.9768624305725098,
          "eer": 0.027060665675267017
        }
      }
    }
  ]
}