{
  "metadata": {
    "experiment_id": "experiment_055_20260430-123632",
    "status": "completed",
    "notes": " test resnet50v2_rgb_v4 wth less data augmentation "
  },
  "records": [
    {
      "config": {
        "filtering_params": {
          "data_map_path": "data_maps/CASIA_FASD_V3_50percent_uniformSampling.json",
          "keep_ratio": 0.5,
          "filter_function": "uniform_sampling"
        },
        "data_params": {
          "dataset_path": "/kaggle/input/datasets/maameri/visual-computing-thesis-data/DATA",
          "input_size": [
            224,
            224,
            3
          ],
          "pixel_range": [
            0,
            1
          ],
          "batch_size": 16,
          "validation_subjects_number": 0,
          "get_random_subjects_for_validation": 1,
          "validation_dataset_baleance": 0
        },
        "augmentation_params": {
          "rotation_range": 0.1,
          "horizontal_flip": 1,
          "brightness_range": [
            0.8,
            1.2
          ],
          "zoom_range": 0.1
        },
        "model_params": {
          "model_init_function": "build_resnet50v2_rgb_v4",
          "architecture": "resNet50V2_FASD_RGB_V4",
          "parameters_count": 1434113,
          "note": null,
          "label_smoothing": 0.1,
          "isFocalLoss": 0,
          "focal_alpha": 0.25,
          "focal_gamma": 2,
          "apply_class_balancing": 0
        },
        "training_params": {
          "early_stopping_patience": 20,
          "learning_rate": 0.0001,
          "initial_epochs": 80,
          "ReduceLROnPlateau_patience": 4,
          "ReduceLROnPlateau_factor": 0.1,
          "isAdamW": 0
        }
      },
      "logs": {
        "best_model_name": "experiment_055_20260430-123632_0_model_resNet50V2_FASD_RGB_V4.keras",
        "training_history": {
          "accuracy": [
            0.9667897820472717,
            0.999032735824585,
            0.9990034103393555,
            0.9996482729911804,
            0.9997948408126831,
            0.9998241066932678,
            0.9995896220207214,
            0.9997655153274536,
            0.9998827576637268,
            0.9997655153274536,
            1,
            0.9999120831489563,
            0.9999120831489563,
            0.9999120831489563,
            0.9997068643569946,
            0.9998241066932678,
            0.9997068643569946,
            1,
            0.9998241066932678,
            1,
            1,
            0.9999120831489563,
            1,
            1,
            1,
            1,
            1,
            1,
            1,
            1,
            1,
            1,
            1,
            1,
            1,
            1,
            1,
            1,
            1,
            1,
            1,
            1,
            1,
            1,
            1,
            1,
            1,
            1,
            1,
            1,
            1,
            1,
            1,
            1,
            1,
            1,
            1
          ],
          "eer": [
            0,
            0,
            0,
            0,
            0,
            0,
            0,
            0,
            0,
            0,
            0,
            0,
            0,
            0,
            0,
            0,
            0,
            0,
            0,
            0,
            0,
            0,
            0,
            0,
            0,
            0,
            0,
            0,
            0,
            0,
            0,
            0,
            0,
            0,
            0,
            0,
            0,
            0,
            0,
            0,
            0,
            0,
            0,
            0,
            0,
            0,
            0,
            0,
            0,
            0,
            0,
            0,
            0,
            0,
            0,
            0,
            0
          ],
          "loss": [
            0.2754529118537903,
            0.21668694913387299,
            0.212342768907547,
            0.20817945897579193,
            0.20582857728004456,
            0.20558162033557892,
            0.20513412356376648,
            0.20422230660915375,
            0.2032705545425415,
            0.20395176112651825,
            0.20268771052360535,
            0.2029675990343094,
            0.2026091367006302,
            0.2024073749780655,
            0.20297347009181976,
            0.20252911746501923,
            0.20254263281822205,
            0.20185671746730804,
            0.20256079733371735,
            0.2022034227848053,
            0.20189154148101807,
            0.20220115780830383,
            0.20146901905536652,
            0.20139844715595245,
            0.20134194195270538,
            0.20134587585926056,
            0.20134851336479187,
            0.20132701098918915,
            0.20134490728378296,
            0.20126818120479584,
            0.20128752291202545,
            0.20129787921905518,
            0.20125596225261688,
            0.20133233070373535,
            0.2013397067785263,
            0.2012726217508316,
            0.20123590528964996,
            0.20128095149993896,
            0.20124618709087372,
            0.2012723833322525,
            0.20125657320022583,
            0.2012971192598343,
            0.20129749178886414,
            0.2012876719236374,
            0.20128820836544037,
            0.20128662884235382,
            0.2012815922498703,
            0.20126482844352722,
            0.2012845128774643,
            0.2013225108385086,
            0.20130549371242523,
            0.2012963742017746,
            0.20128019154071808,
            0.20128141343593597,
            0.2012966275215149,
            0.20124797523021698,
            0.2012631595134735
          ],
          "learning_rate": [
            0.00009999999747378752,
            0.00009999999747378752,
            0.00009999999747378752,
            0.00009999999747378752,
            0.00009999999747378752,
            0.00009999999747378752,
            0.00009999999747378752,
            0.00009999999747378752,
            0.00009999999747378752,
            0.00009999999747378752,
            0.00009999999747378752,
            0.00009999999747378752,
            0.00009999999747378752,
            0.00009999999747378752,
            0.00009999999747378752,
            0.00009999999747378752,
            0.00009999999747378752,
            0.00009999999747378752,
            0.00009999999747378752,
            0.00009999999747378752,
            0.00009999999747378752,
            0.00009999999747378752,
            0.000009999999747378752,
            0.000009999999747378752,
            0.000009999999747378752,
            0.000009999999747378752,
            0.000009999999747378752,
            0.000009999999747378752,
            0.000009999999747378752,
            9.999999974752427e-7,
            9.999999974752427e-7,
            9.999999974752427e-7,
            9.999999974752427e-7,
            1.0000000116860974e-7,
            1.0000000116860974e-7,
            1.0000000116860974e-7,
            1.0000000116860974e-7,
            1.0000000116860974e-7,
            1.0000000116860974e-7,
            1.0000000116860974e-7,
            1.0000000116860974e-7,
            9.99999993922529e-9,
            9.99999993922529e-9,
            9.99999993922529e-9,
            9.99999993922529e-9,
            9.999999717180685e-10,
            9.999999717180685e-10,
            9.999999717180685e-10,
            9.999999717180685e-10,
            9.999999439624929e-11,
            9.999999439624929e-11,
            9.999999439624929e-11,
            9.999999439624929e-11,
            9.999999092680234e-12,
            9.999999092680234e-12,
            9.999999092680234e-12,
            9.999999092680234e-12
          ]
        },
        "epochs": 57,
        "final_test_metrics": {
          "loss": 0.22360387444496155,