{
  "metadata": {
    "experiment_id": "experiment_042_20260427-144005",
    "status": "completed",
    "notes": " "
  },
  "records": [
    {
      "config": {
        "filtering_params": {
          "data_map_path": "data_maps/CASIA_FASD_V3_50percent_uniformSampling.json",
          "keep_ratio": 0.5,
          "filter_function": "uniform_sampling"
        },
        "data_params": {
          "dataset_path": "/kaggle/input/datasets/maameri/visual-computing-thesis-data/DATA",
          "input_size": [
            224,
            224,
            3
          ],
          "pixel_range": [
            0,
            1
          ],
          "batch_size": 16,
          "validation_subjects_number": 0,
          "get_random_subjects_for_validation": 1,
          "validation_dataset_baleance": 0
        },
        "augmentation_params": {
          "rotation_range": 0.15,
          "horizontal_flip": 1,
          "brightness_range": [
            0.7,
            1.3
          ],
          "zoom_range": 0.15
        },
        "model_params": {
          "model_init_function": "build_resnet50v2_hsv_v4",
          "architecture": "resNet50V2_FASD_HSV_V4",
          "parameters_count": 1434113,
          "note": null
        },
        "training_params": {
          "early_stopping_patience": 10,
          "learning_rate": 0.0001,
          "initial_epochs": 40,
          "ReduceLROnPlateau_patience": 3,
          "ReduceLROnPlateau_factor": 0.1
        }
      },
      "logs": {
        "best_model_name": "experiment_042_20260427-144005_0_model_resNet50V2_FASD_HSV_V4.keras",
        "training_history": {
          "accuracy": [
            0.9482647180557251,
            0.9937565922737122,
            0.9960722327232361,
            0.9968929290771484,
            0.9965118765830994,
            0.997948169708252,
            0.9984171390533447,
            0.99838787317276,
            0.9992378950119019,
            0.9973912239074707,
            0.999032735824585,
            0.999032735824585,
            0.9997655153274536,
            0.999941349029541,
            0.9998827576637268,
            0.999941349029541,
            1,
            0.9999706745147705,
            1,
            0.9999706745147705,
            1,
            0.9999706745147705,
            0.9999706745147705,
            1,
            1,
            1,
            0.9999706745147705,
            0.9999706745147705,
            1,
            1,
            1,
            1,
            1,
            0.9999706745147705,
            1,
            0.9999706745147705,
            0.9999120831489563,
            0.9999706745147705,
            0.9999706745147705,
            1
          ],
          "eer": [
            0,
            0,
            0,
            0,
            0,
            0,
            0,
            0,
            0,
            0,
            0,
            0,
            0,
            0,
            0,
            0,
            0,
            0,
            0,
            0,
            0,
            0,
            0,
            0,
            0,
            0,
            0,
            0,
            0,
            0,
            0,
            0,
            0,
            0,
            0,
            0,
            0,
            0,
            0,
            0
          ],
          "loss": [
            0.12688086926937103,
            0.018721112981438637,
            0.010169568471610546,
            0.009709332138299942,
            0.009938736446201801,
            0.005520983599126339,
            0.005068538710474968,
            0.005631896201521158,
            0.0027437841054052114,
            0.008782390505075455,
            0.004351348616182804,
            0.003310676896944642,
            0.0005787084228359163,
            0.0001843258214648813,
            0.00030356430215761065,
            0.00013636302901431918,
            0.000008295150109915994,
            0.00003913569526048377,
            0.000006314669917628635,
            0.00006346081499941647,
            0.00003412871592445299,
            0.000045842807594453916,
            0.00006810484774177894,
            0.000022064561562729068,
            0.0000028802362521673786,
            0.000012130582945246715,
            0.000029380218620644882,
            0.0003804813604801893,
            0.000014007230674906168,
            0.0000068950294007663615,
            0.000004616066235030303,
            0.00000254660608334234,
            0.000008961623279901687,
            0.00003703340553329326,
            0.000004822868959308835,
            0.00005381562004913576,
            0.00019713920482899994,
            0.00008550474012736231,
            0.000035797682357952,
            0.0000031105262223718455
          ],
          "learning_rate": [
            0.00009999999747378752,
            0.00009999999747378752,
            0.00009999999747378752,
            0.00009999999747378752,
            0.00009999999747378752,
            0.00009999999747378752,
            0.00009999999747378752,
            0.00009999999747378752,
            0.00009999999747378752,
            0.00009999999747378752,
            0.00009999999747378752,
            0.00009999999747378752,
            0.000009999999747378752,
            0.000009999999747378752,
            0.000009999999747378752,
            0.000009999999747378752,
            0.000009999999747378752,
            0.000009999999747378752,
            0.000009999999747378752,
            0.000009999999747378752,
            9.999999974752427e-7,
            9.999999974752427e-7,
            9.999999974752427e-7,
            1.0000000116860974e-7,
            1.0000000116860974e-7,
            1.0000000116860974e-7,
            9.99999993922529e-9,
            9.99999993922529e-9,
            9.99999993922529e-9,
            9.999999717180685e-10,
            9.999999717180685e-10,
            9.999999717180685e-10,
            9.999999439624929e-11,
            9.999999439624929e-11,
            9.999999439624929e-11,
            9.999999092680234e-12,
            9.999999092680234e-12,
            9.999999092680234e-12,
            9.9999988758398e-13,
            9.9999988758398e-13
          ]
        },
        "epochs": 40,
        "final_test_metrics": {
          "loss": 0.22213977575302124,
          "accuracy": 0.9825859069824219,
          "eer": 0.0335012594458439
        }
      }
    }
  ]
}