{
  "metadata": {
    "experiment_id": "experiment_053_20260430-030101",
    "status": "completed",
    "notes": " test resnet50v2_rgb_v4 wth focal loss "
  },
  "records": [
    {
      "config": {
        "filtering_params": {
          "data_map_path": "data_maps/CASIA_FASD_V3_50percent_uniformSampling.json",
          "keep_ratio": 0.5,
          "filter_function": "uniform_sampling"
        },
        "data_params": {
          "dataset_path": "/kaggle/input/datasets/maameri/visual-computing-thesis-data/DATA",
          "input_size": [
            224,
            224,
            3
          ],
          "pixel_range": [
            0,
            1
          ],
          "batch_size": 16,
          "validation_subjects_number": 0,
          "get_random_subjects_for_validation": 1,
          "validation_dataset_baleance": 0
        },
        "augmentation_params": {
          "rotation_range": 0.15,
          "horizontal_flip": 1,
          "brightness_range": [
            0.7,
            1.3
          ],
          "zoom_range": 0.15
        },
        "model_params": {
          "model_init_function": "build_resnet50v2_rgb_v4",
          "architecture": "resNet50V2_FASD_RGB_V4",
          "parameters_count": 1434113,
          "note": null,
          "label_smoothing": 0.1,
          "isFocalLoss": 1,
          "focal_alpha": 0.25,
          "focal_gamma": 2,
          "apply_class_balancing": 0
        },
        "training_params": {
          "early_stopping_patience": 20,
          "learning_rate": 0.001,
          "initial_epochs": 80,
          "ReduceLROnPlateau_patience": 4,
          "ReduceLROnPlateau_factor": 0.1,
          "isAdamW": 0
        }
      },
      "logs": {
        "best_model_name": "experiment_053_20260430-030101_0_model_resNet50V2_FASD_RGB_V4.keras",
        "training_history": {
          "accuracy": [
            0.9362176060676575,
            0.9778989553451538,
            0.9868097305297852,
            0.9888029098510742,
            0.9939031600952148,
            0.992994487285614,
            0.9950463175773621,
            0.9967464208602905,
            0.9957790970802307,
            0.9970101714134216,
            0.9974792003631592,
            0.9991792440414429,
            0.9977136850357056,
            0.9975085258483887,
            0.9992965459823608,
            0.9982706308364868,
            0.99838787317276,
            0.9995310306549072,
            0.9962188005447388,
            0.9993844628334045,
            0.9976257681846619,
            0.9989154934883118,
            0.9984757900238037,
            0.9993844628334045,
            0.9995602965354919,
            0.9998241066932678,
            0.9995896220207214,
            0.9997068643569946,
            0.9996775984764099,
            0.9995602965354919,
            0.9995896220207214,
            0.9995896220207214,
            0.9998241066932678,
            0.9996189475059509,
            0.9996482729911804,
            0.9995602965354919,
            0.9997361898422241,
            0.9995896220207214,
            0.9997361898422241,
            0.9996482729911804,
            0.9996189475059509,
            0.9995896220207214,
            0.9996189475059509,
            0.9997655153274536,
            0.9995017051696777,
            0.9994430541992188,
            0.9998241066932678,
            0.9995310306549072,
            0.9997948408126831,
            0.9997361898422241,
            0.9996775984764099,
            0.9995896220207214,
            0.9995602965354919
          ],
          "eer": [
            0,
            0,
            0,
            0,
            0,
            0,
            0,
            0,
            0,
            0,
            0,
            0,
            0,
            0,
            0,
            0,
            0,
            0,
            0,
            0,
            0,
            0,
            0,
            0,
            0,
            0,
            0,
            0,
            0,
            0,
            0,
            0,
            0,
            0,
            0,
            0,
            0,
            0,
            0,
            0,
            0,
            0,
            0,
            0,
            0,
            0,
            0,
            0,
            0,
            0,
            0,
            0,
            0
          ],
          "loss": [
            0.059948619455099106,
            0.019677801057696342,
            0.012881594710052013,
            0.01141610648483038,
            0.006707579363137484,
            0.007562113925814629,
            0.005769603420048952,
            0.0043139527551829815,
            0.0046321917325258255,
            0.004242096096277237,
            0.003597453236579895,
            0.0021940418519079685,
            0.0033061427529901266,
            0.004063569474965334,
            0.0018860518466681242,
            0.003314958419650793,
            0.0030056682880967855,
            0.0014381074579432607,
            0.0047838883474469185,
            0.0019682608544826508,
            0.0031864990014582872,
            0.002257047686725855,
            0.002703350502997637,
            0.0017592437798157334,
            0.0016018567839637399,
            0.0013633040944114327,
            0.0014390881406143308,
            0.0013820782769471407,
            0.001417033257894218,
            0.001418626168742776,
            0.0014274870045483112,
            0.0014121384592726827,
            0.0013191710459068418,
            0.001420805579982698,
            0.0013773997779935598,
            0.0014200020814314485,
            0.0013771222438663244,
            0.001390915596857667,
            0.0013559159124270082,
            0.0014091660268604755,
            0.0014115020167082548,
            0.0013494037557393312,
            0.001458918210119009,
            0.0013514294987544417,
            0.0014624983305111527,
            0.0014830389991402626,
            0.0013405681820586324,
            0.0014131013303995132,
            0.001339549315162003,
            0.0013661639532074332,
            0.0014196849660947919,
            0.0014380400534719229,
            0.0014119482366368175
          ],