{
  "metadata": {
    "experiment_id": "experiment_022_20260420-233904",
    "status": "completed",
    "notes": " "
  },
  "records": [
    {
      "config": {
        "filtering_params": {
          "data_map_path": "data_maps/CASIA_FASD_V3_30percent_uniformSampling.json",
          "keep_ratio": 0.3,
          "filter_function": "uniform_sampling"
        },
        "data_params": {
          "dataset_path": "/kaggle/input/datasets/maameri/visual-computing-thesis-data/DATA",
          "input_size": [
            224,
            224,
            3
          ],
          "pixel_range": [
            0,
            1
          ],
          "batch_size": 32,
          "validation_subjects_number": 4,
          "get_random_subjects_for_validation": 1,
          "validation_dataset_baleance": 1
        },
        "augmentation_params": {
          "rotation_range": 0.15,
          "horizontal_flip": 1,
          "brightness_range": [
            0.7,
            1.3
          ],
          "zoom_range": 0.15
        },
        "model_params": {
          "model_init_function": "build_resnet50v2_hsv_rgb",
          "architecture": "resNet50V2_FASD_HSV_RGB",
          "parameters_count": 23576257,
          "note": null
        },
        "training_params": {
          "early_stopping_patience": 8,
          "learning_rate": 0.0001,
          "initial_epochs": 40,
          "ReduceLROnPlateau_patience": 3,
          "ReduceLROnPlateau_factor": 0.1
        }
      },
      "logs": {
        "best_model_name": "experiment_022_20260420-233904_0_model_resNet50V2_FASD_HSV_RGB.keras",
        "training_history": {
          "accuracy": [
            0.9533369541168213,
            0.9897992610931396,
            0.9943570494651794,
            0.9956592321395874,
            0.9978296160697937,
            0.9959847927093506,
            0.9988062977790833,
            0.9983721971511841,
            0.996527373790741,
            0.9983179569244385,
            0.9997829794883728,
            0.999891459941864,
            1,
            0.9998372197151184,
            0.9998372197151184
          ],
          "eer": [
            0,
            0,
            0,
            0,
            0,
            0,
            0,
            0,
            0,
            0,
            0,
            0,
            0,
            0,
            0
          ],
          "loss": [
            0.11443015187978745,
            0.030471377074718475,
            0.016575155779719353,
            0.013446616008877754,
            0.0070698861964046955,
            0.013141334056854248,
            0.003633695188909769,
            0.0052002547308802605,
            0.012701520696282387,
            0.005637543275952339,
            0.0012653892626985908,
            0.0005721668712794781,
            0.00028319392004050314,
            0.0005132717196829617,
            0.00043466981151141226
          ],
          "val_eer": [
            0.0709736123740551,
            0.13636363636363635,
            0.04480286738351201,
            0.039729119638826374,
            0.001365498406525892,
            0.001829826166514183,
            0,
            0.0018373909049149613,
            0.017304189434803063,
            0,
            0,
            0,
            0,
            0,
            0
          ],
          "val_loss": [
            0.13873974978923798,
            0.9025924801826477,
            0.18461379408836365,
            0.08710470050573349,
            0.017417103052139282,
            0.02420644834637642,
            0.01680581271648407,
            0.01597391813993454,
            0.0432925745844841,
            0.0013135147746652365,
            0.018707482144236565,
            0.011862902902066708,
            0.01528989803045988,
            0.011584175750613213,
            0.011115243658423424
          ],
          "val_accuracy": [
            0.9296839237213135,
            0.882959246635437,
            0.9280806183815002,
            0.9569399952888489,
            0.9931287169456482,
            0.989005982875824,
            0.9972515106201172,
            0.9951900839805603,
            0.9885478615760803,
            1,
            0.9954191446304321,
            0.9963353276252747,
            0.9954191446304321,
            0.9963353276252747,
            0.9965643882751465
          ],
          "learning_rate": [
            0.00009999999747378752,
            0.00009999999747378752,
            0.00009999999747378752,
            0.00009999999747378752,
            0.00009999999747378752,
            0.00009999999747378752,
            0.00009999999747378752,
            0.00009999999747378752,
            0.00009999999747378752,
            0.00009999999747378752,
            0.000009999999747378752,
            0.000009999999747378752,
            0.000009999999747378752,
            9.999999974752427e-7,
            9.999999974752427e-7
          ]
        },
        "epochs": 15,
        "final_test_metrics": {
          "loss": 0.18430259823799133,
          "accuracy": 0.9696983695030212,
          "eer": 0.04825636192274726
        }
      }
    },
    {
      "config": {
        "filtering_params": {
          "data_map_path": "data_maps/CASIA_FASD_V3_10percent_BMSelection.json",
          "keep_ratio": 0.1,
          "filter_function": "brightness_contrast_movement_based_selecting"
        },
        "data_params": {
          "dataset_path": "/kaggle/input/datasets/maameri/visual-computing-thesis-data/DATA",
          "input_size": [
            224,
            224,
            3
          ],
          "pixel_range": [
            0,
            1
          ],
          "batch_size": 32,
          "validation_subjects_number": 4,
          "get_random_subjects_for_validation": 1,
          "validation_dataset_baleance": 1
        },
        "augmentation_params": {
          "rotation_range": 0.15,
          "horizontal_flip": 1,
          "brightness_range": [
            0.7,
            1.3
          ],
          "zoom_range": 0.15
        },
        "model_params": {
          "model_init_function": "build_resnet50v2_hsv_rgb",
          "architecture": "resNet50V2_FASD_HSV_RGB",
          "parameters_count": 23576257,
          "note": null
        },
        "training_params": {
          "early_stopping_patience": 8,
          "learning_rate": 0.0001,
          "initial_epochs": 40,
          "ReduceLROnPlateau_patience": 3,
          "ReduceLROnPlateau_factor": 0.1
        }
      },
      "logs": {
        "best_model_name": "experiment_022_20260420-233904_1_model_resNet50V2_FASD_HSV_RGB.keras",
        "training_history": {
          "accuracy": [
            0.9148341417312622,
            0.9617965221405029,
            0.9765188097953796,
            0.9817368388175964,
            0.9947819709777832,
            0.9897502660751343,
            0.9975773096084595,
            0.9903093576431274,
            0.9957137703895569,
            0.9988818764686584,
            0.9979500770568848,
            0.9990682005882263,
            0.999254584312439,
            0.9994409084320068,
            0.9998136162757874
          ],
          "eer": [
            0,
            0,
            0,
            0,
            0,
            0,
            0,
            0,
            0,
            0,
            0,
            0,
            0,
            0,
            0
          ],
          "loss": [
            0.20732912421226501,
            0.10603354871273041,
            0.0644383355975151,
            0.04886569082736969,
            0.016228530555963516,
            0.03236493095755577,
            0.009833062067627907,
            0.026611203327775,
            0.012538180686533451,
            0.003961949609220028,
            0.003673195606097579,
            0.0032937685027718544,
            0.003936829511076212,
            0.0019779896829277277,
            0.001473809010349214
          ],