{
  "metadata": {
    "experiment_id": "experiment_034_20260426-012702",
    "status": "completed",
    "notes": " "
  },
  "records": [
    {
      "config": {
        "filtering_params": {
          "data_map_path": "data_maps/CASIA_FASD_V3_50percent_uniformSampling.json",
          "keep_ratio": 0.5,
          "filter_function": "uniform_sampling"
        },
        "data_params": {
          "dataset_path": "/kaggle/input/datasets/maameri/visual-computing-thesis-data/DATA",
          "input_size": [
            224,
            224,
            3
          ],
          "pixel_range": [
            0,
            1
          ],
          "batch_size": 16,
          "validation_subjects_number": 0,
          "get_random_subjects_for_validation": 1,
          "validation_dataset_baleance": 0
        },
        "augmentation_params": {
          "rotation_range": 0.1,
          "horizontal_flip": 1,
          "brightness_range": [
            0.8,
            1.2
          ],
          "zoom_range": 0.1
        },
        "model_params": {
          "model_init_function": "build_resnet50v2_hsv_rgb",
          "architecture": "resNet50V2_FASD_HSV_RGB",
          "parameters_count": 23576257,
          "note": null
        },
        "training_params": {
          "early_stopping_patience": 12,
          "learning_rate": 0.0001,
          "initial_epochs": 50,
          "ReduceLROnPlateau_patience": 3,
          "ReduceLROnPlateau_factor": 0.1
        }
      },
      "logs": {
        "best_model_name": "experiment_034_20260426-012702_0_model_resNet50V2_FASD_HSV_RGB.keras",
        "training_history": {
          "accuracy": [
            0.9638586044311523,
            0.9932582974433899,
            0.994606614112854,
            0.9963067173957825,
            0.9970394968986511,
            0.99838787317276,
            0.9983585476875305,
            0.9982119798660278,
            0.9983585476875305,
            0.9995017051696777,
            0.9981240630149841,
            0.9991206526756287,
            0.9997948408126831,
            0.9995896220207214,
            0.9987396001815796,
            0.9988861680030823,
            0.9998827576637268,
            0.9998827576637268,
            0.9999706745147705,
            1,
            1,
            1,
            1,
            1,
            1,
            1,
            0.9999706745147705,
            1,
            1,
            1,
            1,
            1,
            1,
            1,
            1,
            1,
            1,
            1,
            1,
            1,
            1,
            1,
            0.9999706745147705,
            1
          ],
          "eer": [
            0,
            0,
            0,
            0,
            0,
            0,
            0,
            0,
            0,
            0,
            0,
            0,
            0,
            0,
            0,
            0,
            0,
            0,
            0,
            0,
            0,
            0,
            0,
            0,
            0,
            0,
            0,
            0,
            0,
            0,
            0,
            0,
            0,
            0,
            0,
            0,
            0,
            0,
            0,
            0,
            0,
            0,
            0,
            0
          ],
          "loss": [
            0.0917535200715065,
            0.02056027576327324,
            0.017791246995329857,
            0.011671203188598156,
            0.009442463517189026,
            0.00535829970613122,
            0.006034266669303179,
            0.0061898487620055676,
            0.004551803693175316,
            0.001802491256967187,
            0.004745967220515013,
            0.004746359307318926,
            0.0006640224601142108,
            0.0010651926277205348,
            0.004286730196326971,
            0.003177937353029847,
            0.0007594228372909129,
            0.0004054226155858487,
            0.0001439072220819071,
            0.00010890523117268458,
            0.00003615550303948112,
            0.000018202565115643665,
            0.000011574347809073515,
            0.00003127798845525831,
            0.000012356967090454418,
            0.000005475994385051308,
            0.00014664501941297203,
            0.000008172599336830899,
            0.000006196273261593888,
            0.0000046218510760809295,
            0.000007648814971616957,
            0.0000034318190955673344,
            0.0000068404669946176,
            0.000008857161446940154,
            0.000004645955868909368,
            0.000006427162134059472,
            0.00001568697734910529,
            0.000006902571840328164,
            0.000011033890586986672,
            0.000006642933840339538,
            0.000008874952982296236,
            0.0000075350194492784794,
            0.00013947207480669022,
            0.000010051177014247514
          ],
          "learning_rate": [
            0.00009999999747378752,
            0.00009999999747378752,
            0.00009999999747378752,
            0.00009999999747378752,
            0.00009999999747378752,
            0.00009999999747378752,
            0.00009999999747378752,
            0.00009999999747378752,
            0.00009999999747378752,
            0.00009999999747378752,
            0.00009999999747378752,
            0.00009999999747378752,
            0.00009999999747378752,
            0.00009999999747378752,
            0.00009999999747378752,
            0.00009999999747378752,
            0.000009999999747378752,
            0.000009999999747378752,
            0.000009999999747378752,
            0.000009999999747378752,
            0.000009999999747378752,
            0.000009999999747378752,
            0.000009999999747378752,
            0.000009999999747378752,
            9.999999974752427e-7,
            9.999999974752427e-7,
            9.999999974752427e-7,
            1.0000000116860974e-7,
            1.0000000116860974e-7,
            1.0000000116860974e-7,
            9.99999993922529e-9,
            9.99999993922529e-9,
            9.99999993922529e-9,
            9.999999717180685e-10,
            9.999999717180685e-10,
            9.999999717180685e-10,
            9.999999439624929e-11,
            9.999999439624929e-11,
            9.999999439624929e-11,
            9.999999092680234e-12,
            9.999999092680234e-12,
            9.999999092680234e-12,
            9.9999988758398e-13,
            9.9999988758398e-13
          ]
        },
        "epochs": 44,
        "final_test_metrics": {
          "loss": 0.14051172137260437,
          "accuracy": 0.9777757525444031,
          "eer": 0.026659172121240964
        }
      }
    }
  ]
}