{
  "metadata": {
    "experiment_id": "experiment_039_20260427-024902",
    "status": "completed",
    "notes": " try heighter dropout in resnet50v2_hsv_rgb"
  },
  "records": [
    {
      "config": {
        "filtering_params": {
          "data_map_path": "data_maps/CASIA_FASD_V3_50percent_uniformSampling.json",
          "keep_ratio": 0.5,
          "filter_function": "uniform_sampling"
        },
        "data_params": {
          "dataset_path": "/kaggle/input/datasets/maameri/visual-computing-thesis-data/DATA",
          "input_size": [
            224,
            224,
            3
          ],
          "pixel_range": [
            0,
            1
          ],
          "batch_size": 16,
          "validation_subjects_number": 0,
          "get_random_subjects_for_validation": 1,
          "validation_dataset_baleance": 0
        },
        "augmentation_params": {
          "rotation_range": 0.15,
          "horizontal_flip": 1,
          "brightness_range": [
            0.7,
            1.3
          ],
          "zoom_range": 0.15
        },
        "model_params": {
          "model_init_function": "build_resnet50v2_hsv_rgb_drop5",
          "architecture": "resNet50V2_FASD_HSV_RGB_Drop5",
          "parameters_count": 23576257,
          "note": null,
          "label_smoothing": 0.1
        },
        "training_params": {
          "early_stopping_patience": 10,
          "learning_rate": 0.0001,
          "initial_epochs": 40,
          "ReduceLROnPlateau_patience": 3,
          "ReduceLROnPlateau_factor": 0.1
        }
      },
      "logs": {
        "best_model_name": "experiment_039_20260427-024902_0_model_resNet50V2_FASD_HSV_RGB_Drop5.keras",
        "training_history": {
          "accuracy": [
            0.9542736411094666,
            0.9965998530387878,
            0.9967464208602905,
            0.9974498748779297,
            0.9980947375297546,
            0.9986516833305359,
            0.9988861680030823,
            0.9985637068748474,
            0.9989447593688965,
            0.9985344409942627,
            0.9992965459823608,
            0.9990913271903992,
            0.9990620017051697,
            0.9998534321784973,
            0.9992378950119019,
            0.9994430541992188,
            0.9997361898422241,
            0.9999120831489563,
            0.999941349029541,
            1,
            0.9999706745147705,
            1,
            1,
            1,
            1,
            1,
            1,
            1,
            1,
            1,
            1,
            1,
            1,
            1,
            1,
            1,
            1,
            1,
            1
          ],
          "eer": [
            0,
            0,
            0,
            0,
            0,
            0,
            0,
            0,
            0,
            0,
            0,
            0,
            0,
            0,
            0,
            0,
            0,
            0,
            0,
            0,
            0,
            0,
            0,
            0,
            0,
            0,
            0,
            0,
            0,
            0,
            0,
            0,
            0,
            0,
            0,
            0,
            0,
            0,
            0
          ],
          "loss": [
            0.29099801182746887,
            0.22034741938114166,
            0.21251364052295685,
            0.20872066915035248,
            0.20598119497299194,
            0.20385323464870453,
            0.20264430344104767,
            0.20358547568321228,
            0.20186632871627808,
            0.20252011716365814,
            0.20097583532333374,
            0.20119816064834595,
            0.20118355751037598,
            0.19943004846572876,
            0.20076368749141693,
            0.2005159705877304,
            0.19966624677181244,
            0.19931045174598694,
            0.1991235464811325,
            0.19894608855247498,
            0.19895011186599731,
            0.19887535274028778,
            0.1988503783941269,
            0.1988402009010315,
            0.19882719218730927,
            0.1988404244184494,
            0.19883999228477478,
            0.19882729649543762,
            0.19882163405418396,
            0.19882844388484955,
            0.19882643222808838,
            0.19882528483867645,
            0.19882899522781372,
            0.1988227218389511,
            0.19883091747760773,
            0.19882884621620178,
            0.1988288313150406,
            0.19882825016975403,
            0.1988307535648346
          ],
          "learning_rate": [
            0.00009999999747378752,
            0.00009999999747378752,
            0.00009999999747378752,
            0.00009999999747378752,
            0.00009999999747378752,
            0.00009999999747378752,
            0.00009999999747378752,
            0.00009999999747378752,
            0.00009999999747378752,
            0.00009999999747378752,
            0.00009999999747378752,
            0.00009999999747378752,
            0.00009999999747378752,
            0.00009999999747378752,
            0.00009999999747378752,
            0.00009999999747378752,
            0.00009999999747378752,
            0.000009999999747378752,
            0.000009999999747378752,
            0.000009999999747378752,
            0.000009999999747378752,
            0.000009999999747378752,
            0.000009999999747378752,
            9.999999974752427e-7,
            9.999999974752427e-7,
            9.999999974752427e-7,
            9.999999974752427e-7,
            1.0000000116860974e-7,
            1.0000000116860974e-7,
            1.0000000116860974e-7,
            9.99999993922529e-9,
            9.99999993922529e-9,
            9.99999993922529e-9,
            9.999999717180685e-10,
            9.999999717180685e-10,
            9.999999717180685e-10,
            9.999999439624929e-11,
            9.999999439624929e-11,
            9.999999439624929e-11
          ]
        },
        "epochs": 39,
        "final_test_metrics": {
          "loss": 0.2504972219467163,
          "accuracy": 0.9744268655776978,
          "eer": 0.03047858942056229
        }
      }
    }
  ]
}