{
  "metadata": {
    "experiment_id": "experiment_041_20260427-032239",
    "status": "completed",
    "notes": " build_resnet50v2_rgb_v4 longer training"
  },
  "records": [
    {
      "config": {
        "filtering_params": {
          "data_map_path": "data_maps/CASIA_FASD_V3_50percent_uniformSampling.json",
          "keep_ratio": 0.5,
          "filter_function": "uniform_sampling"
        },
        "data_params": {
          "dataset_path": "/kaggle/input/datasets/maameri/visual-computing-thesis-data/DATA",
          "input_size": [
            224,
            224,
            3
          ],
          "pixel_range": [
            0,
            1
          ],
          "batch_size": 16,
          "validation_subjects_number": 0,
          "get_random_subjects_for_validation": 1,
          "validation_dataset_baleance": 0
        },
        "augmentation_params": {
          "rotation_range": 0.15,
          "horizontal_flip": 1,
          "brightness_range": [
            0.7,
            1.3
          ],
          "zoom_range": 0.15
        },
        "model_params": {
          "model_init_function": "build_resnet50v2_rgb_v4",
          "architecture": "resNet50V2_FASD_RGB_V4",
          "parameters_count": 1434113,
          "note": null
        },
        "training_params": {
          "early_stopping_patience": 10,
          "learning_rate": 0.0001,
          "initial_epochs": 60,
          "ReduceLROnPlateau_patience": 3,
          "ReduceLROnPlateau_factor": 0.1
        }
      },
      "logs": {
        "best_model_name": "experiment_041_20260427-032239_0_model_resNet50V2_FASD_RGB_V4.keras",
        "training_history": {
          "accuracy": [
            0.9545374512672424,
            0.9920564889907837,
            0.9934927821159363,
            0.9958084225654602,
            0.9964532852172852,
            0.9983585476875305,
            0.9971860647201538,
            0.9976550340652466,
            0.9984171390533447,
            0.9998827576637268,
            0.9999706745147705,
            0.9998827576637268,
            0.9999706745147705,
            0.9998827576637268,
            0.9999706745147705,
            0.999941349029541,
            0.9999706745147705,
            1,
            0.999941349029541,
            0.9999706745147705,
            1,
            1,
            1,
            1,
            0.9999706745147705,
            1,
            0.9999706745147705,
            0.9999706745147705,
            1,
            1,
            0.9999706745147705,
            0.9999706745147705,
            1,
            0.9999706745147705
          ],
          "eer": [
            0,
            0,
            0,
            0,
            0,
            0,
            0,
            0,
            0,
            0,
            0,
            0,
            0,
            0,
            0,
            0,
            0,
            0,
            0,
            0,
            0,
            0,
            0,
            0,
            0,
            0,
            0,
            0,
            0,
            0,
            0,
            0,
            0,
            0
          ],
          "loss": [
            0.11441098898649216,
            0.02422333136200905,
            0.01962280087172985,
            0.011185165494680405,
            0.01141520868986845,
            0.005127911455929279,
            0.008816920220851898,
            0.006944894324988127,
            0.005168489180505276,
            0.0004823688941542059,
            0.00019921886269003153,
            0.0004200978437438607,
            0.00013978718197904527,
            0.0001836069131968543,
            0.00005537161632673815,
            0.0001292634551646188,
            0.00005787880945717916,
            0.00003003435085702222,
            0.0000633584349998273,
            0.00005911563494009897,
            0.00002431514258205425,
            0.000015092166904651094,
            0.0000187341938726604,
            0.000014632318197982386,
            0.00009270279406337067,
            0.000028308264518273063,
            0.00007669870683457702,
            0.00007621383701916784,
            0.00004877082756138407,
            0.00003121387999271974,
            0.00006011158257024363,
            0.0001536619383841753,
            0.00004199194154352881,
            0.00009525744098937139
          ],
          "learning_rate": [
            0.00009999999747378752,
            0.00009999999747378752,
            0.00009999999747378752,
            0.00009999999747378752,
            0.00009999999747378752,
            0.00009999999747378752,
            0.00009999999747378752,
            0.00009999999747378752,
            0.00009999999747378752,
            0.000009999999747378752,
            0.000009999999747378752,
            0.000009999999747378752,
            0.000009999999747378752,
            0.000009999999747378752,
            9.999999974752427e-7,
            9.999999974752427e-7,
            9.999999974752427e-7,
            9.999999974752427e-7,
            1.0000000116860974e-7,
            1.0000000116860974e-7,
            1.0000000116860974e-7,
            9.99999993922529e-9,
            9.99999993922529e-9,
            9.99999993922529e-9,
            9.999999717180685e-10,
            9.999999717180685e-10,
            9.999999717180685e-10,
            9.999999439624929e-11,
            9.999999439624929e-11,
            9.999999439624929e-11,
            9.999999092680234e-12,
            9.999999092680234e-12,
            9.999999092680234e-12,
            9.9999988758398e-13
          ]
        },
        "epochs": 34,
        "final_test_metrics": {
          "loss": 0.13475528359413147,
          "accuracy": 0.980515718460083,
          "eer": 0.022040302266892124
        }
      }
    }
  ]
}