{
  "metadata": {
    "experiment_id": "experiment_038_20260427-023848",
    "status": "completed",
    "notes": " get mid features with hybrid pooling only rgb"
  },
  "records": [
    {
      "config": {
        "filtering_params": {
          "data_map_path": "data_maps/CASIA_FASD_V3_50percent_uniformSampling.json",
          "keep_ratio": 0.5,
          "filter_function": "uniform_sampling"
        },
        "data_params": {
          "dataset_path": "/kaggle/input/datasets/maameri/visual-computing-thesis-data/DATA",
          "input_size": [
            224,
            224,
            3
          ],
          "pixel_range": [
            0,
            1
          ],
          "batch_size": 16,
          "validation_subjects_number": 0,
          "get_random_subjects_for_validation": 1,
          "validation_dataset_baleance": 0
        },
        "augmentation_params": {
          "rotation_range": 0.15,
          "horizontal_flip": 1,
          "brightness_range": [
            0.7,
            1.3
          ],
          "zoom_range": 0.15
        },
        "model_params": {
          "model_init_function": "build_resnet50v2_rgb_v4",
          "architecture": "resNet50V2_FASD_RGB_V4",
          "parameters_count": 1434113,
          "note": null,
          "label_smoothing": 0.1
        },
        "training_params": {
          "early_stopping_patience": 10,
          "learning_rate": 0.0001,
          "initial_epochs": 40,
          "ReduceLROnPlateau_patience": 3,
          "ReduceLROnPlateau_factor": 0.1
        }
      },
      "logs": {
        "best_model_name": "experiment_038_20260427-023848_0_model_resNet50V2_FASD_RGB_V4.keras",
        "training_history": {
          "accuracy": [
            0.9643862247467041,
            0.9982706308364868,
            0.9987102746963501,
            0.9996189475059509,
            0.9992965459823608,
            0.9995017051696777,
            0.9997948408126831,
            0.9997068643569946,
            0.9998241066932678,
            0.9994723796844482,
            0.9998534321784973,
            0.9997948408126831,
            0.9997948408126831,
            0.9996775984764099,
            0.9999120831489563,
            0.9998241066932678,
            1,
            0.9998241066932678,
            0.999941349029541,
            0.999941349029541,
            1,
            1,
            1,
            0.999941349029541,
            1,
            1,
            1,
            1,
            1,
            1,
            1,
            1,
            1,
            1,
            1,
            1,
            1,
            1,
            1,
            1
          ],
          "eer": [
            0,
            0,
            0,
            0,
            0,
            0,
            0,
            0,
            0,
            0,
            0,
            0,
            0,
            0,
            0,
            0,
            0,
            0,
            0,
            0,
            0,
            0,
            0,
            0,
            0,
            0,
            0,
            0,
            0,
            0,
            0,
            0,
            0,
            0,
            0,
            0,
            0,
            0,
            0,
            0
          ],
          "loss": [
            0.2806839644908905,
            0.21842792630195618,
            0.21335823833942413,
            0.20880599319934845,
            0.20812970399856567,
            0.20668719708919525,
            0.2053660750389099,
            0.2047448456287384,
            0.20406761765480042,
            0.2046276479959488,
            0.2035924643278122,
            0.20363669097423553,
            0.20311185717582703,
            0.20363564789295197,
            0.2025841474533081,
            0.20308725535869598,
            0.20238472521305084,
            0.20278073847293854,
            0.20240232348442078,
            0.2024858295917511,
            0.2017509639263153,
            0.2016853541135788,
            0.20158608257770538,
            0.20164477825164795,
            0.20156437158584595,
            0.20153027772903442,
            0.20149776339530945,
            0.20146146416664124,
            0.20144259929656982,
            0.20148712396621704,
            0.2014797478914261,
            0.2014525979757309,
            0.2014331966638565,
            0.20149344205856323,
            0.20144231617450714,
            0.2014346569776535,
            0.20148734748363495,
            0.20151831209659576,
            0.2014637589454651,
            0.20142529904842377
          ],
          "learning_rate": [
            0.00009999999747378752,
            0.00009999999747378752,
            0.00009999999747378752,
            0.00009999999747378752,
            0.00009999999747378752,
            0.00009999999747378752,
            0.00009999999747378752,
            0.00009999999747378752,
            0.00009999999747378752,
            0.00009999999747378752,
            0.00009999999747378752,
            0.00009999999747378752,
            0.00009999999747378752,
            0.00009999999747378752,
            0.00009999999747378752,
            0.00009999999747378752,
            0.00009999999747378752,
            0.00009999999747378752,
            0.00009999999747378752,
            0.00009999999747378752,
            0.000009999999747378752,
            0.000009999999747378752,
            0.000009999999747378752,
            0.000009999999747378752,
            0.000009999999747378752,
            0.000009999999747378752,
            9.999999974752427e-7,
            9.999999974752427e-7,
            9.999999974752427e-7,
            9.999999974752427e-7,
            9.999999974752427e-7,
            1.0000000116860974e-7,
            1.0000000116860974e-7,
            1.0000000116860974e-7,
            9.99999993922529e-9,
            9.99999993922529e-9,
            9.99999993922529e-9,
            9.999999717180685e-10,
            9.999999717180685e-10,
            9.999999717180685e-10
          ]
        },
        "epochs": 40,
        "final_test_metrics": {
          "loss": 0.232699453830719,
          "accuracy": 0.9813377261161804,
          "eer": 0.02300558076052323
        }
      }
    }
  ]
}