{
  "metadata": {
    "experiment_id": "experiment_045_20260428-033045",
    "status": "completed",
    "notes": " rgb+hsv vs rgb vs hsv with label smooth"
  },
  "records": [
    {
      "config": {
        "filtering_params": {
          "data_map_path": "data_maps/CASIA_FASD_V3_50percent_uniformSampling.json",
          "keep_ratio": 0.5,
          "filter_function": "uniform_sampling"
        },
        "data_params": {
          "dataset_path": "/kaggle/input/datasets/maameri/visual-computing-thesis-data/DATA",
          "input_size": [
            224,
            224,
            3
          ],
          "pixel_range": [
            0,
            1
          ],
          "batch_size": 16,
          "validation_subjects_number": 0,
          "get_random_subjects_for_validation": 1,
          "validation_dataset_baleance": 0
        },
        "augmentation_params": {
          "rotation_range": 0.15,
          "horizontal_flip": 1,
          "brightness_range": [
            0.7,
            1.3
          ],
          "zoom_range": 0.15
        },
        "model_params": {
          "model_init_function": "build_resnet50v2_rgb_v4",
          "architecture": "resNet50V2_FASD_RGB_V4",
          "parameters_count": 1434113,
          "note": null,
          "label_smoothing": 0.1
        },
        "training_params": {
          "early_stopping_patience": 10,
          "learning_rate": 0.0001,
          "initial_epochs": 40,
          "ReduceLROnPlateau_patience": 3,
          "ReduceLROnPlateau_factor": 0.1
        }
      },
      "logs": {
        "best_model_name": "experiment_045_20260428-033045_0_model_resNet50V2_FASD_RGB_V4.keras",
        "training_history": {
          "accuracy": [
            0.9593445658683777,
            0.9984757900238037,
            0.9992672204971313,
            0.9995602965354919,
            0.9996189475059509,
            0.9996775984764099,
            0.9997948408126831,
            0.9995602965354919,
            0.9998534321784973,
            0.9998827576637268,
            0.9996482729911804,
            0.9999706745147705,
            0.9997361898422241,
            0.999941349029541,
            0.999941349029541,
            1,
            1,
            1,
            1,
            1,
            1,
            1,
            1,
            1,
            1,
            1,
            1,
            1,
            1,
            1,
            1,
            1,
            1,
            1,
            1,
            1,
            1,
            1,
            1,
            1
          ],
          "eer": [
            0,
            0,
            0,
            0,
            0,
            0,
            0,
            0,
            0,
            0,
            0,
            0,
            0,
            0,
            0,
            0,
            0,
            0,
            0,
            0,
            0,
            0,
            0,
            0,
            0,
            0,
            0,
            0,
            0,
            0,
            0,
            0,
            0,
            0,
            0,
            0,
            0,
            0,
            0,
            0
          ],
          "loss": [
            0.28830966353416443,
            0.21739941835403442,
            0.21173472702503204,
            0.2088850736618042,
            0.20726726949214935,
            0.20592384040355682,
            0.20479510724544525,
            0.2047102302312851,
            0.2034519612789154,
            0.2034042775630951,
            0.2034151405096054,
            0.20220579206943512,
            0.2031792402267456,
            0.20226815342903137,
            0.20233827829360962,
            0.20154264569282532,
            0.20146754384040833,
            0.2014220654964447,
            0.20144957304000854,
            0.2013826221227646,
            0.2013729065656662,
            0.20129086077213287,
            0.2013559639453888,
            0.20130132138729095,
            0.2013358473777771,
            0.20134209096431732,
            0.20131832361221313,
            0.2013145536184311,
            0.20130982995033264,
            0.20129016041755676,
            0.20130930840969086,
            0.20127557218074799,
            0.20128846168518066,
            0.2013060599565506,
            0.20127975940704346,
            0.20129667222499847,
            0.20129214227199554,
            0.2012929469347,
            0.20135247707366943,
            0.20134972035884857
          ],
          "learning_rate": [
            0.00009999999747378752,
            0.00009999999747378752,
            0.00009999999747378752,
            0.00009999999747378752,
            0.00009999999747378752,
            0.00009999999747378752,
            0.00009999999747378752,
            0.00009999999747378752,
            0.00009999999747378752,
            0.00009999999747378752,
            0.00009999999747378752,
            0.00009999999747378752,
            0.00009999999747378752,
            0.00009999999747378752,
            0.00009999999747378752,
            0.000009999999747378752,
            0.000009999999747378752,
            0.000009999999747378752,
            0.000009999999747378752,
            0.000009999999747378752,
            0.000009999999747378752,
            9.999999974752427e-7,
            9.999999974752427e-7,
            9.999999974752427e-7,
            9.999999974752427e-7,
            1.0000000116860974e-7,
            1.0000000116860974e-7,
            1.0000000116860974e-7,
            9.99999993922529e-9,
            9.99999993922529e-9,
            9.99999993922529e-9,
            9.999999717180685e-10,
            9.999999717180685e-10,
            9.999999717180685e-10,
            9.999999439624929e-11,
            9.999999439624929e-11,
            9.999999439624929e-11,
            9.999999092680234e-12,
            9.999999092680234e-12,
            9.999999092680234e-12
          ]
        },
        "epochs": 40,
        "final_test_metrics": {
          "loss": 0.22435371577739716,
          "accuracy": 0.9863305687904358,
          "eer": 0.01637279596977327
        }
      }
    },
    {
      "config": {
        "filtering_params": {
          "data_map_path": "data_maps/CASIA_FASD_V3_50percent_uniformSampling.json",
          "keep_ratio": 0.5,
          "filter_function": "uniform_sampling"
        },
        "data_params": {
          "dataset_path": "/kaggle/input/datasets/maameri/visual-computing-thesis-data/DATA",
          "input_size": [
            224,
            224,
            3
          ],
          "pixel_range": [
            0,
            1
          ],
          "batch_size": 16,
          "validation_subjects_number": 0,
          "get_random_subjects_for_validation": 1,
          "validation_dataset_baleance": 0
        },
        "augmentation_params": {
          "rotation_range": 0.15,
          "horizontal_flip": 1,
          "brightness_range": [
            0.7,
            1.3
          ],
          "zoom_range": 0.15
        },
        "model_params": {
          "model_init_function": "build_resnet50v2_hsv_v4",
          "architecture": "resNet50V2_FASD_HSV_V4",
          "parameters_count": 1434113,
          "note": null,
          "label_smoothing": 0.1
        },
        "training_params": {
          "early_stopping_patience": 10,
          "learning_rate": 0.0001,
          "initial_epochs": 40,
          "ReduceLROnPlateau_patience": 3,
          "ReduceLROnPlateau_factor": 0.1
        }
      },
      "logs": {
        "best_model_name": "experiment_045_20260428-033045_1_model_resNet50V2_FASD_HSV_V4.keras",