{
  "metadata": {
    "experiment_id": "experiment_033_20260426-012505",
    "status": "completed",
    "notes": " "
  },
  "records": [
    {
      "config": {
        "filtering_params": {
          "data_map_path": "data_maps/CASIA_FASD_V3_50percent_uniformSampling.json",
          "keep_ratio": 0.5,
          "filter_function": "uniform_sampling"
        },
        "data_params": {
          "dataset_path": "/kaggle/input/datasets/maameri/visual-computing-thesis-data/DATA",
          "input_size": [
            224,
            224,
            3
          ],
          "pixel_range": [
            0,
            1
          ],
          "batch_size": 16,
          "validation_subjects_number": 0,
          "get_random_subjects_for_validation": 1,
          "validation_dataset_baleance": 0
        },
        "augmentation_params": {
          "rotation_range": 0.15,
          "horizontal_flip": 1,
          "brightness_range": [
            0.7,
            1.3
          ],
          "zoom_range": 0.15
        },
        "model_params": {
          "model_init_function": "build_resnet50v2_texture_fusion",
          "architecture": "ResNet_Texture_Fusion",
          "parameters_count": 25680705,
          "note": null
        },
        "training_params": {
          "early_stopping_patience": 10,
          "learning_rate": 0.0001,
          "initial_epochs": 50,
          "ReduceLROnPlateau_patience": 3,
          "ReduceLROnPlateau_factor": 0.1
        }
      },
      "logs": {
        "best_model_name": "experiment_033_20260426-012505_0_model_ResNet_Texture_Fusion.keras",
        "training_history": {
          "accuracy": [
            0.9277465343475342,
            0.9844354391098022,
            0.9888322353363037,
            0.9912651181221008,
            0.9925841093063354,
            0.9939031600952148,
            0.996277391910553,
            0.9958084225654602,
            0.9951049089431763,
            0.9964826107025146,
            0.9986809492111206,
            0.9992965459823608,
            0.9996775984764099,
            0.9997655153274536,
            0.9997948408126831,
            0.9997068643569946,
            0.999941349029541,
            0.999941349029541,
            0.999941349029541,
            0.9999706745147705,
            0.9999706745147705,
            0.9999120831489563,
            0.9999120831489563,
            0.9997361898422241,
            0.9999120831489563,
            1,
            0.9999120831489563,
            1,
            0.999941349029541,
            1,
            1,
            0.9999120831489563,
            0.9997948408126831,
            0.9999706745147705,
            0.9997361898422241,
            1,
            0.9999120831489563,
            1,
            0.9998534321784973,
            0.9999120831489563
          ],
          "eer": [
            0,
            0,
            0,
            0,
            0,
            0,
            0,
            0,
            0,
            0,
            0,
            0,
            0,
            0,
            0,
            0,
            0,
            0,
            0,
            0,
            0,
            0,
            0,
            0,
            0,
            0,
            0,
            0,
            0,
            0,
            0,
            0,
            0,
            0,
            0,
            0,
            0,
            0,
            0,
            0
          ],
          "loss": [
            0.1736285239458084,
            0.04757308214902878,
            0.032722122967243195,
            0.027401257306337357,
            0.023726878687739372,
            0.01815364882349968,
            0.011054483242332935,
            0.013573803938925266,
            0.015611614100635052,
            0.01261313259601593,
            0.005325011909008026,
            0.003053674241527915,
            0.0016242272686213255,
            0.0015922619495540857,
            0.0012213900918141007,
            0.001019200193695724,
            0.0006141276680864394,
            0.000352798611856997,
            0.0002969725464936346,
            0.00018467215704731643,
            0.0006980813341215253,
            0.000270618504146114,
            0.0007400960894301534,
            0.0016153171891346574,
            0.00033591012470424175,
            0.00012764248822350055,
            0.0006347562302835286,
            0.00016784356557764113,
            0.00020818975463043898,
            0.00007163530972320586,
            0.00007838896272005513,
            0.0005130365025252104,
            0.0012635181192308664,
            0.0001594765781192109,
            0.0013279808918014169,
            0.00010495915921637788,
            0.00023778715694788843,
            0.00009010308713186532,
            0.0003469474904704839,
            0.0003786998277064413
          ],
          "learning_rate": [
            0.00009999999747378752,
            0.00009999999747378752,
            0.00009999999747378752,
            0.00009999999747378752,
            0.00009999999747378752,
            0.00009999999747378752,
            0.00009999999747378752,
            0.00009999999747378752,
            0.00009999999747378752,
            0.00009999999747378752,
            0.000009999999747378752,
            0.000009999999747378752,
            0.000009999999747378752,
            0.000009999999747378752,
            0.000009999999747378752,
            0.000009999999747378752,
            0.000009999999747378752,
            0.000009999999747378752,
            0.000009999999747378752,
            0.000009999999747378752,
            0.000009999999747378752,
            0.000009999999747378752,
            0.000009999999747378752,
            9.999999974752427e-7,
            9.999999974752427e-7,
            9.999999974752427e-7,
            1.0000000116860974e-7,
            1.0000000116860974e-7,
            1.0000000116860974e-7,
            9.99999993922529e-9,
            9.99999993922529e-9,
            9.99999993922529e-9,
            9.99999993922529e-9,
            9.999999717180685e-10,
            9.999999717180685e-10,
            9.999999717180685e-10,
            9.999999439624929e-11,
            9.999999439624929e-11,
            9.999999439624929e-11,
            9.999999092680234e-12
          ]
        },
        "epochs": 40,
        "final_test_metrics": {
          "loss": 0.1801525503396988,
          "accuracy": 0.9733917713165283,
          "eer": 0.03557232906417739
        }
      }
    }
  ]
}