{
  "metadata": {
    "experiment_id": "experiment_026_20260421-135723",
    "status": "completed",
    "notes": " "
  },
  "records": [
    {
      "config": {
        "filtering_params": {
          "data_map_path": "data_maps/CASIA_FASD_V3_50percent_uniformSampling.json",
          "keep_ratio": 0.5,
          "filter_function": "uniform_sampling"
        },
        "data_params": {
          "dataset_path": "/kaggle/input/datasets/maameri/visual-computing-thesis-data/DATA",
          "input_size": [
            224,
            224,
            3
          ],
          "pixel_range": [
            0,
            1
          ],
          "batch_size": 16,
          "validation_subjects_number": 4,
          "get_random_subjects_for_validation": 1,
          "validation_dataset_baleance": 1
        },
        "augmentation_params": {
          "rotation_range": 0.15,
          "horizontal_flip": 1,
          "brightness_range": [
            0.7,
            1.3
          ],
          "zoom_range": 0.15
        },
        "model_params": {
          "model_init_function": "build_resnet50v2_hsv_rgb",
          "architecture": "resNet50V2_FASD_HSV_RGB",
          "parameters_count": 23576257,
          "note": null
        },
        "training_params": {
          "early_stopping_patience": 10,
          "learning_rate": 0.0001,
          "initial_epochs": 50,
          "ReduceLROnPlateau_patience": 3,
          "ReduceLROnPlateau_factor": 0.05
        }
      },
      "logs": {
        "best_model_name": "experiment_026_20260421-135723_0_model_resNet50V2_FASD_HSV_RGB.keras",
        "training_history": {
          "accuracy": [
            0.9514344930648804,
            0.989969789981842,
            0.9936942458152771,
            0.9938417077064514,
            0.9963124394416809,
            0.9965336918830872,
            0.9989305734634399,
            0.9997050166130066,
            0.9997787475585938,
            0.999963104724884,
            0.9999262690544128,
            0.9999262690544128,
            0.9996681213378906,
            0.9999262690544128,
            0.9999262690544128,
            0.999963104724884,
            0.999963104724884
          ],
          "eer": [
            0,
            0,
            0,
            0,
            0,
            0,
            0,
            0,
            0,
            0,
            0,
            0,
            0,
            0,
            0,
            0,
            0
          ],
          "loss": [
            0.11747122555971146,
            0.029383990913629532,
            0.019478389993309975,
            0.018674155697226524,
            0.0122455433011055,
            0.009713276289403439,
            0.005024360958486795,
            0.0015098879812285304,
            0.000823184207547456,
            0.00042460396070964634,
            0.00040800319402478635,
            0.0003677339118439704,
            0.0013832882978022099,
            0.0003644453827291727,
            0.00031438033329322934,
            0.000290598050924018,
            0.0002728704712353647
          ],
          "val_eer": [
            0.0022975301550849695,
            0.017361111111111174,
            0.0014438348248656445,
            0.0014400921653865341,
            0.0028304557033683145,
            0.0023228803713728537,
            0.0008412787441903736,
            0.0011471178667768788,
            0.002275960170696978,
            0.0016778523489933517,
            0.0017206767995411637,
            0.0017098888572242672,
            0.0016982734220208487,
            0.00171870524205097,
            0.00171870524205097,
            0.0017016449234259407,
            0.0017123287671232568
          ],
          "val_loss": [
            0.07373283058404922,
            0.4029248058795929,
            0.031098434701561928,
            0.0030173854902386665,
            0.05696120858192444,
            0.12481237202882767,
            0.01869095116853714,
            0.017227638512849808,
            0.09450465440750122,
            0.03323683515191078,
            0.02738945744931698,
            0.03495483845472336,
            0.03163086250424385,
            0.029931167140603065,
            0.028713107109069824,
            0.03732912987470627,
            0.029253942891955376
          ],
          "val_accuracy": [
            0.9735638499259949,
            0.9122606515884399,
            0.9858530759811401,
            0.9989997148513794,
            0.9705629944801331,
            0.9408402442932129,
            0.9965704679489136,
            0.9957130551338196,
            0.9562731981277466,
            0.9864246845245361,
            0.9889968633651733,
            0.9859960079193115,
            0.9868533611297607,
            0.9875679016113281,
            0.9882823824882507,
            0.9851385951042175,
            0.988853931427002
          ],
          "learning_rate": [
            0.00009999999747378752,
            0.00009999999747378752,
            0.00009999999747378752,
            0.00009999999747378752,
            0.00009999999747378752,
            0.00009999999747378752,
            0.000004999999873689376,
            0.000004999999873689376,
            0.000004999999873689376,
            0.000004999999873689376,
            2.499999993688107e-7,
            2.499999993688107e-7,
            2.499999993688107e-7,
            1.2500000146076218e-8,
            1.2500000146076218e-8,
            1.2500000146076218e-8,
            6.249999962015806e-10
          ]
        },
        "epochs": 17,
        "final_test_metrics": {
          "loss": 0.2046104371547699,
          "accuracy": 0.9659025073051453,
          "eer": 0.03838278395743073
        }
      }
    }
  ]
}