{
  "metadata": {
    "experiment_id": "experiment_032_20260425-025731",
    "status": "completed",
    "notes": " "
  },
  "records": [
    {
      "config": {
        "filtering_params": {
          "data_map_path": "data_maps/CASIA_FASD_V3_50percent_uniformSampling.json",
          "keep_ratio": 0.5,
          "filter_function": "uniform_sampling"
        },
        "data_params": {
          "dataset_path": "/kaggle/input/datasets/maameri/visual-computing-thesis-data/DATA",
          "input_size": [
            224,
            224,
            3
          ],
          "pixel_range": [
            0,
            1
          ],
          "batch_size": 16,
          "validation_subjects_number": 0,
          "get_random_subjects_for_validation": 1,
          "validation_dataset_baleance": 0
        },
        "augmentation_params": {
          "rotation_range": 0.15,
          "horizontal_flip": 1,
          "brightness_range": [
            0.7,
            1.3
          ],
          "zoom_range": 0.15
        },
        "model_params": {
          "model_init_function": "build_resnet50v2_hsv_rgb_v2",
          "architecture": "resNet50V2_FASD_HSV_RGB_V2",
          "parameters_count": 24628929,
          "note": null
        },
        "training_params": {
          "early_stopping_patience": 10,
          "learning_rate": 0.0001,
          "initial_epochs": 40,
          "ReduceLROnPlateau_patience": 3,
          "ReduceLROnPlateau_factor": 0.05
        }
      },
      "logs": {
        "best_model_name": "experiment_032_20260425-025731_0_model_resNet50V2_FASD_HSV_RGB_V2.keras",
        "training_history": {
          "accuracy": [
            0.9459198117256165,
            0.989271879196167,
            0.9920564889907837,
            0.9938152432441711,
            0.9961308240890503,
            0.9961015582084656,
            0.9974205493927002,
            0.9980654120445251,
            0.9980947375297546,
            0.9995017051696777,
            0.9980360865592957,
            0.9986223578453064,
            0.9991206526756287,
            0.9996189475059509,
            0.9999120831489563,
            0.9999120831489563,
            0.9999706745147705,
            0.9999706745147705,
            0.9999120831489563,
            1,
            0.999941349029541,
            0.9999706745147705,
            0.9999706745147705,
            0.9997361898422241,
            1,
            0.9999706745147705,
            1,
            0.9999706745147705,
            1,
            0.9999706745147705,
            0.9999706745147705,
            0.9999706745147705,
            0.999941349029541,
            1,
            1
          ],
          "eer": [
            0,
            0,
            0,
            0,
            0,
            0,
            0,
            0,
            0,
            0,
            0,
            0,
            0,
            0,
            0,
            0,
            0,
            0,
            0,
            0,
            0,
            0,
            0,
            0,
            0,
            0,
            0,
            0,
            0,
            0,
            0,
            0,
            0,
            0,
            0
          ],
          "loss": [
            0.14286738634109497,
            0.03213460370898247,
            0.025408059358596802,
            0.02128838561475277,
            0.013595637865364552,
            0.013187329284846783,
            0.008004198782145977,
            0.007430860307067633,
            0.007242260500788689,
            0.0024298683274537325,
            0.007297413889318705,
            0.0058154333382844925,
            0.003353847423568368,
            0.0015593374846503139,
            0.0005944122094660997,
            0.0011114822700619698,
            0.00019139984215144068,
            0.00017119049152825028,
            0.0002598669670987874,
            0.0000854617974255234,
            0.0002368931018281728,
            0.0001443434739485383,
            0.000131314605823718,
            0.003103645285591483,
            0.00005403994509833865,
            0.00008066110603976995,
            0.00006580584886251017,
            0.00014621787704527378,
            0.00005837554999743588,
            0.00009252723248209804,
            0.00010669104085536674,
            0.00012983572378288954,
            0.0008475228678435087,
            0.00005691823753295466,
            0.00011080681724706665
          ],
          "learning_rate": [
            0.00009999999747378752,
            0.00009999999747378752,
            0.00009999999747378752,
            0.00009999999747378752,
            0.00009999999747378752,
            0.00009999999747378752,
            0.00009999999747378752,
            0.00009999999747378752,
            0.00009999999747378752,
            0.00009999999747378752,
            0.00009999999747378752,
            0.00009999999747378752,
            0.00009999999747378752,
            0.000004999999873689376,
            0.000004999999873689376,
            0.000004999999873689376,
            0.000004999999873689376,
            0.000004999999873689376,
            0.000004999999873689376,
            0.000004999999873689376,
            0.000004999999873689376,
            0.000004999999873689376,
            0.000004999999873689376,
            2.499999993688107e-7,
            2.499999993688107e-7,
            2.499999993688107e-7,
            1.2500000146076218e-8,
            1.2500000146076218e-8,
            1.2500000146076218e-8,
            6.249999962015806e-10,
            6.249999962015806e-10,
            6.249999962015806e-10,
            3.124999911618964e-11,
            3.124999911618964e-11,
            3.124999911618964e-11
          ]
        },
        "epochs": 35,
        "final_test_metrics": {
          "loss": 0.1426556259393692,
          "accuracy": 0.9784150719642639,
          "eer": 0.026739470831995255
        }
      }
    },
    {
      "config": {
        "filtering_params": {
          "data_map_path": "data_maps/CASIA_FASD_V3_50percent_uniformSampling.json",
          "keep_ratio": 0.5,
          "filter_function": "uniform_sampling"
        },
        "data_params": {
          "dataset_path": "/kaggle/input/datasets/maameri/visual-computing-thesis-data/DATA",
          "input_size": [
            448,
            448,
            3
          ],
          "pixel_range": [
            0,
            1
          ],
          "batch_size": 16,
          "validation_subjects_number": 0,
          "get_random_subjects_for_validation": 1,
          "validation_dataset_baleance": 1
        },
        "augmentation_params": {
          "rotation_range": 0.15,
          "horizontal_flip": 1,
          "brightness_range": [
            0.7,
            1.3
          ],
          "zoom_range": 0.15
        },
        "model_params": {
          "model_init_function": "build_resnet50v2_hsv_rgb_v2",
          "architecture": "resNet50V2_FASD_HSV_RGB_V2",
          "parameters_count": 24628929,
          "note": null
        },
        "training_params": {
          "early_stopping_patience": 10,
          "learning_rate": 0.0001,
          "initial_epochs": 50,
          "ReduceLROnPlateau_patience": 3,
          "ReduceLROnPlateau_factor": 0.05
        }
      },
      "logs": {
        "best_model_name": "experiment_032_20260425-025731_1_model_resNet50V2_FASD_HSV_RGB_V2.keras",