{
  "metadata": {
    "experiment_id": "experiment_036_20260427-013047",
    "status": "completed",
    "notes": " get mid features with hybrid pooling "
  },
  "records": [
    {
      "config": {
        "filtering_params": {
          "data_map_path": "data_maps/CASIA_FASD_V3_50percent_uniformSampling.json",
          "keep_ratio": 0.5,
          "filter_function": "uniform_sampling"
        },
        "data_params": {
          "dataset_path": "/kaggle/input/datasets/maameri/visual-computing-thesis-data/DATA",
          "input_size": [
            224,
            224,
            3
          ],
          "pixel_range": [
            0,
            1
          ],
          "batch_size": 16,
          "validation_subjects_number": 0,
          "get_random_subjects_for_validation": 1,
          "validation_dataset_baleance": 0
        },
        "augmentation_params": {
          "rotation_range": 0.15,
          "horizontal_flip": 1,
          "brightness_range": [
            0.7,
            1.3
          ],
          "zoom_range": 0.15
        },
        "model_params": {
          "model_init_function": "build_resnet50_hsv_rgb",
          "architecture": "resNet50_FASD_HSV_RGB",
          "parameters_count": 23599169,
          "note": null,
          "label_smoothing": 0.1
        },
        "training_params": {
          "early_stopping_patience": 10,
          "learning_rate": 0.0001,
          "initial_epochs": 40,
          "ReduceLROnPlateau_patience": 3,
          "ReduceLROnPlateau_factor": 0.1
        }
      },
      "logs": {
        "best_model_name": "experiment_036_20260427-013047_0_model_resNet50_FASD_HSV_RGB.keras",
        "training_history": {
          "accuracy": [
            0.9301207661628723,
            0.9915289282798767,
            0.9955739378929138,
            0.9958377480506897,
            0.9969809055328369,
            0.9981240630149841,
            0.9975671172142029,
            0.9984757900238037,
            0.9976843595504761,
            0.9987981915473938,
            0.9985930323600769,
            0.9995017051696777,
            0.9987981915473938,
            0.9986223578453064,
            0.9996482729911804,
            0.9988568425178528,
            0.9992965459823608,
            0.9995896220207214,
            0.9998534321784973,
            1,
            0.9999706745147705,
            1,
            1,
            0.9999706745147705,
            1,
            1,
            1,
            1,
            1,
            0.9999706745147705,
            1,
            0.9999706745147705,
            1,
            1,
            1,
            0.9999706745147705,
            1,
            1,
            1,
            1
          ],
          "eer": [
            0,
            0,
            0,
            0,
            0,
            0,
            0,
            0,
            0,
            0,
            0,
            0,
            0,
            0,
            0,
            0,
            0,
            0,
            0,
            0,
            0,
            0,
            0,
            0,
            0,
            0,
            0,
            0,
            0,
            0,
            0,
            0,
            0,
            0,
            0,
            0,
            0,
            0,
            0,
            0
          ],
          "loss": [
            0.33668872714042664,
            0.23216280341148376,
            0.2186400592327118,
            0.21360984444618225,
            0.20861375331878662,
            0.20567841827869415,
            0.20570971071720123,
            0.20315343141555786,
            0.20490886270999908,
            0.20219607651233673,
            0.20227369666099548,
            0.20036646723747253,
            0.20211713016033173,
            0.20232586562633514,
            0.19982750713825226,
            0.201365128159523,
            0.20045316219329834,
            0.1999536007642746,
            0.199357271194458,
            0.19892548024654388,
            0.1988779902458191,
            0.19878089427947998,
            0.19875702261924744,
            0.1988261640071869,
            0.1987335979938507,
            0.1987169086933136,
            0.1987064927816391,
            0.19870996475219727,
            0.19870717823505402,
            0.19872194528579712,
            0.19871507585048676,
            0.19877326488494873,
            0.1987229585647583,
            0.19871176779270172,
            0.19870370626449585,
            0.19875465333461761,
            0.19871000945568085,
            0.19870585203170776,
            0.1987031251192093,
            0.1987212747335434
          ],
          "learning_rate": [
            0.00009999999747378752,
            0.00009999999747378752,
            0.00009999999747378752,
            0.00009999999747378752,
            0.00009999999747378752,
            0.00009999999747378752,
            0.00009999999747378752,
            0.00009999999747378752,
            0.00009999999747378752,
            0.00009999999747378752,
            0.00009999999747378752,
            0.00009999999747378752,
            0.00009999999747378752,
            0.00009999999747378752,
            0.00009999999747378752,
            0.00009999999747378752,
            0.00009999999747378752,
            0.00009999999747378752,
            0.000009999999747378752,
            0.000009999999747378752,
            0.000009999999747378752,
            0.000009999999747378752,
            0.000009999999747378752,
            0.000009999999747378752,
            0.000009999999747378752,
            9.999999974752427e-7,
            9.999999974752427e-7,
            9.999999974752427e-7,
            1.0000000116860974e-7,
            1.0000000116860974e-7,
            1.0000000116860974e-7,
            9.99999993922529e-9,
            9.99999993922529e-9,
            9.99999993922529e-9,
            9.999999717180685e-10,
            9.999999717180685e-10,
            9.999999717180685e-10,
            9.999999439624929e-11,
            9.999999439624929e-11,
            9.999999439624929e-11
          ]
        },
        "epochs": 40,
        "final_test_metrics": {
          "loss": 0.2501198351383209,
          "accuracy": 0.9752184152603149,
          "eer": 0.033879093198966356
        }
      }
    }
  ]
}